individu,longueur.1,épaisseur.1,largeur.1,longueur.2,épaisseur.2,largeur.2,sacrifie,milieu,TreatLarve,TreatAdult,moyLong,moyepaiss,moylargeur,volume,poids,Fecondite,Larve,FecondIncomplet
1NlNa,9.43,2.68,4.76,9.51,2.67,4.79,0,NlNa,Nl,Na,9.47,2.675,4.775,63.3031817292,124.8,0,0,1
2NlNa,9.18,2.74,4.57,9.57,2.62,4.56,0,NlNa,Nl,Na,9.375,2.68,4.565,60.02404375,110.3,1,11,1
3NlNa,9.95,2.6,4.69,9.84,2.43,4.82,0,NlNa,Nl,Na,9.895,2.515,4.755,61.9273800663,129.3,M,M,0
4NlNa,9.57,2.48,4.9,9.87,2.2,4.59,0,NlNa,Nl,Na,9.72,2.34,4.745,56.48026644,123.3,0,0,1
5NlNa,9.42,2.37,4.52,9.41,2.09,4.43,0,NlNa,Nl,Na,9.415,2.23,4.475,49.1695942792,99.6,0,21,1
6NlNa,9.49,2.35,4.53,9.83,2.23,4.75,0,NlNa,Nl,Na,9.66,2.29,4.64,53.71665824,120.6,0,0,1
7NlNa,9.44,2.47,4.55,9.56,2.66,4.58,0,NlNa,Nl,Na,9.5,2.565,4.565,58.214363625,115,3,24,1
8NlNa,9.26,2.41,4.54,9.5,2.24,4.52,0,NlNa,Nl,Na,9.38,2.325,4.53,51.70141095,113.6,0,M,1
9NlNa,9.89,2.31,4.97,9.63,2.53,4.86,0,NlNa,Nl,Na,9.76,2.42,4.915,60.7529125867,117.1,M,M,0
10NlNa,9.75,2.56,4.7,9.74,2.6,4.67,0,NlNa,Nl,Na,9.745,2.58,4.685,61.643819815,119.6,0,0,1
11NlNa,9.97,2.58,5.04,9.7,2.93,4.48,0,NlNa,Nl,Na,9.835,2.755,4.76,67.4965100367,108.9,1,0,1
12NlNa,10.39,2.59,5.15,10.18,2.51,5.03,0,NlNa,Nl,Na,10.285,2.55,5.09,69.861942425,138,2,11,1
13NlNa,9.72,2.5,4.83,9.77,2.74,4.63,0,NlNa,Nl,Na,9.745,2.62,4.73,63.2008141967,121.4,4,16,1
14NlNa,9.26,2.16,4.62,9.18,2.73,4.53,0,NlNa,Nl,Na,9.22,2.445,4.575,53.973338325,102.3,0,30,1
15NlNa,9.81,2.43,4.65,9.47,2.86,4.68,0,NlNa,Nl,Na,9.64,2.645,4.665,62.24905403,111.8,0,11,1
16NlNa,10.11,2.7,4.97,10.02,2.69,5.25,0,NlNa,Nl,Na,10.065,2.695,5.11,72.5390471575,132.9,M,M,1
17NlNa,10.6,2.84,5.19,10.76,2.57,5.16,0,NlNa,Nl,Na,10.68,2.705,5.175,78.23971755,156.2,0,30,1
18NlNa,9.35,2.24,4.3,9.11,2.4,4.36,0,NlNa,Nl,Na,9.23,2.32,4.33,48.5239313867,96.5,2,7,1
19NlPNa,10.22,2.41,4.51,9.99,2.42,4.76,0,NlPNa,Nl,PNa,10.105,2.415,4.635,59.1945316988,116.5,0,0,0
20NlPNa,9.62,2.57,4.64,9.6,2.2,4.71,0,NlPNa,Nl,PNa,9.61,2.385,4.675,56.0753230125,115,M,M,0
21NlPNa,9.51,2.43,4.75,10.1,2.49,4.92,0,NlPNa,Nl,PNa,9.805,2.46,4.835,61.031997095,118.8,M,M,0
22NlPNa,9.77,2.6,4.59,9.67,3.14,4.78,0,NlPNa,Nl,PNa,9.72,2.87,4.685,68.39685846,137.3,1,0,0
23NlPNa,9.3,2.3,4.72,9.3,2.63,4.59,0,NlPNa,Nl,PNa,9.3,2.465,4.655,55.846756525,106.8,1,0,0
24NlPNa,10.87,2.52,4.99,9.92,2.26,5.25,0,NlPNa,Nl,PNa,10.395,2.39,5.12,66.56880384,150.1,M,M,0
25NlPNa,10.54,2.77,5.08,10.61,2.46,5.2,0,NlPNa,Nl,PNa,10.575,2.615,5.14,74.386407675,171.3,2,1,0
26NlNa,9.49,2.07,4.82,9.06,2.27,4.71,0,NlNa,Nl,Na,9.275,2.17,4.765,50.1897410292,119.9,0,0,0
27NlNa,9.14,2.45,4.85,9.46,2.16,4.79,0,NlNa,Nl,Na,9.3,2.305,4.82,54.0728567,129,0,8,0
28NlNa,10.64,2.34,5.18,10.44,2.42,4.95,0,NlNa,Nl,Na,10.54,2.38,5.065,66.4929215533,163.4,17,21,0
29NlNa,9.71,1.85,4.5,9.34,2.37,4.84,0,NlNa,Nl,Na,9.525,2.11,4.67,49.118231075,133,6,33,0
30NlNa,9.3,2.13,4.58,9.33,1.92,4.51,0,NlNa,Nl,Na,9.315,2.025,4.545,44.8662913313,114.6,M,M,0
31NlNa,9.54,2.35,4.83,8.56,2.31,4.75,0,NlNa,Nl,Na,9.05,2.33,4.79,52.8589353167,124.4,0,40,0
32NlNa,9.49,2.23,5,10.1,2.11,4.93,0,NlNa,Nl,Na,9.795,2.17,4.965,55.2283190025,118,1,0,0
33NlNa,9.59,2.52,4.57,9.11,2.06,4.63,0,NlNa,Nl,Na,9.35,2.29,4.6,51.5446176667,125.4,1,0,0
34NlNa,9.92,2.53,4.92,10.55,2.03,4.93,0,NlNa,Nl,Na,10.235,2.28,4.925,60.14607985,143.2,1,2,0
35NlNa,10.35,2.84,5.03,10.35,2.51,5.29,0,NlNa,Nl,Na,10.35,2.675,5.16,74.7639495,164.3,18,12,0
36NlNa,8.99,2.25,5.69,8.84,2.58,4.46,0,NlNa,Nl,Na,8.915,2.415,5.075,57.1811554563,110.2,16,9,0
37NlNa,9.34,2.55,4.52,9.37,2.01,4.63,0,NlNa,Nl,Na,9.355,2.28,4.575,51.06791595,116.7,3,0,0
38NlNa,10.77,2.41,4.24,10.54,2.47,5.51,0,NlNa,Nl,Na,10.655,2.44,4.875,66.32790775,159.6,3,0,0
39NlNa,9.23,2.28,4.78,9.28,2.29,4.58,0,NlNa,Nl,Na,9.255,2.285,4.68,51.79488561,130.1,M,M,0
40NlNa,9.62,2.31,4.84,9.79,1.9,4.74,0,NlNa,Nl,Na,9.705,2.105,4.79,51.2107989025,116.5,1,0,0
41NlNa,9.65,2.5,5.03,9.75,2.44,5.01,0,NlNa,Nl,Na,9.7,2.47,5.02,62.9434875333,137.6,0,17,0
42NlNa,9.44,2.38,4.64,9.02,2.17,4.77,0,NlNa,Nl,Na,9.23,2.275,4.705,51.7036410042,130,0,15,0
43NlNa,9.71,2.53,4.94,9.88,2.29,4.55,0,NlNa,Nl,Na,9.795,2.41,4.745,58.6186884725,139,8,7,0
44NlNa,9.77,1.95,4.79,9.58,2.22,4.71,0,NlNa,Nl,Na,9.675,2.085,4.75,50.1451621875,107,7,2,0
45NlNa,9.23,2.28,4.78,9.71,2.2,4.69,0,NlNa,Nl,Na,9.47,2.24,4.735,52.5649648533,122,0,3,0
46NlPNa,10.15,2.3,4.82,10.2,2.44,5.03,0,NlPNa,Nl,PNa,10.175,2.37,4.925,62.1537585625,145.2,0,0,0
47NlPNa,10.91,2.5,4.96,10.89,2.55,5.34,0,NlPNa,Nl,PNa,10.9,2.525,5.15,74.1777245833,149.3,0,2,0
48NlPNa,9.81,2.3,4.91,9.71,2.1,4.8,0,NlPNa,Nl,PNa,9.76,2.2,4.855,54.5556997333,113.5,0,8,0
49NlPNa,9.89,2.34,4.72,9.96,2.28,4.73,0,NlPNa,Nl,PNa,9.925,2.31,4.725,56.6921210625,112.8,0,0,0
50NlPNa,10.22,2.5,4.94,10.15,2.09,4.89,0,NlPNa,Nl,PNa,10.185,2.295,4.915,60.1236922388,119.8,0,2,0
51NlPNa,9.49,2.12,4.23,9.23,2.12,4.58,0,NlPNa,Nl,PNa,9.36,2.12,4.405,45.74419824,103.3,0,16,0
52NlPNa,9.57,2.02,4.56,9.02,2.39,4.55,0,NlPNa,Nl,PNa,9.295,2.205,4.555,48.8567717138,115,7,0,0
53NlPNa,9.26,1.95,4.71,9.58,2.09,4.66,0,NlPNa,Nl,PNa,9.42,2.02,4.685,46.65414826,116.6,0,0,0
54NlPNa,9.93,2.28,4.66,10.02,2.08,4.44,0,NlPNa,Nl,PNa,9.975,2.18,4.55,51.77965975,139.4,1,0,0
55NlPNa,9.95,2.18,4.87,10.44,2.3,4.91,0,NlPNa,Nl,PNa,10.195,2.24,4.89,58.44165488,115.1,0,0,0
56NlPNa,8.67,1.99,4.12,9.07,1.99,4.08,0,NlPNa,Nl,PNa,8.87,1.99,4.1,37.8738060333,82.5,0,0,0
57NlPNa,9.63,2.43,4.33,9.67,2.22,4.32,0,NlPNa,Nl,PNa,9.65,2.325,4.325,50.7825821875,130.4,0,0,0
58NlPNa,9.53,2.19,4.7,9.32,2.3,4.37,0,NlPNa,Nl,PNa,9.425,2.245,4.535,50.2173040146,123.1,0,0,0
59NlPNa,9.65,1.86,4.6,9.52,2.11,4.56,0,NlPNa,Nl,PNa,9.585,1.985,4.58,45.603324495,121,0,1,0
60NlPNa,9.03,2.09,4.75,8.7,1.64,4.54,0,NlPNa,Nl,PNa,8.865,1.865,4.645,40.1903410988,97.3,0,0,0
61NlPNa,10.4,1.8,4.81,10.39,1.91,4.89,0,NlPNa,Nl,PNa,10.395,1.855,4.85,48.9427698375,129.8,0,M,0
62NlPNa,8.93,2.225,4.41,9.18,2.42,4.54,0,NlPNa,Nl,PNa,9.055,2.3225,4.475,49.2510637052,109.9,0,0,0
63NlPNa,8.88,2.16,4.49,8.78,2.2,4.61,0,NlPNa,Nl,PNa,8.83,2.18,4.55,45.8360296333,114.4,2,0,0
64NlPNa,9.75,2.25,4.54,9.72,2.1,4.4,0,NlPNa,Nl,PNa,9.735,2.175,4.47,49.5314609625,127.3,0,19,0
65NlPNa,11.6,2.24,5.47,11.47,2.55,5.47,0,NlPNa,Nl,PNa,11.535,2.395,5.47,79.0840388225,205.2,0,16,0
66NlPNa,9.61,2.08,4.96,9.73,2.35,4.77,0,NlPNa,Nl,PNa,9.67,2.215,4.865,54.5332582842,135,0,0,0
67NlPNa,10.06,2.36,4.86,10.21,2.6,5.14,0,NlPNa,Nl,PNa,10.135,2.48,5,65.7693933333,142.1,4,0,0
68NlPNa,10.45,2.34,5.08,10.28,2.46,5.09,0,NlPNa,Nl,PNa,10.365,2.4,5.085,66.1987674,142.2,1,20,0
69NlPNa,9.36,2.47,4.42,9.69,2.73,4.73,0,NlPNa,Nl,PNa,9.525,2.6,4.575,59.29360125,114.7,0,0,0
70NlPNa,9.46,2.61,4.75,9.49,2.54,4.89,0,NlPNa,Nl,PNa,9.475,2.575,4.82,61.5434570417,135.6,1,0,0
71NlPNa,9.04,2.45,4.25,8.32,2.83,4.69,0,NlPNa,Nl,PNa,8.68,2.64,4.47,53.60552736,112.2,0,0,0
72NlPNa,9.3,2.39,4.87,9.8,2.26,4.63,0,NlPNa,Nl,PNa,9.55,2.325,4.75,55.194821875,137.7,3,0,0
73NlPNa,8.95,2.23,4.84,8.41,2.33,4.79,0,NlPNa,Nl,PNa,8.68,2.28,4.815,49.86883944,116.8,8,11,0
74NlPNa,9.81,2.46,5.06,9.69,2.24,4.86,0,NlPNa,Nl,PNa,9.75,2.35,4.96,59.47474,129.8,9,1,0
75NlPNa,8.98,2.27,4.81,9.27,2.36,4.78,0,NlPNa,Nl,PNa,9.125,2.315,4.795,53.0091545521,110.3,0,16,0
76NlPNa,8.84,2.22,4.48,9.13,2.04,4.57,0,NlPNa,Nl,PNa,8.985,2.13,4.525,45.3204972375,101,0,15,0
77NlPNa,9.57,2.04,4.88,9.83,2.34,4.89,0,NlPNa,Nl,PNa,9.7,2.19,4.885,54.30737545,125.3,8,0,0
78NlPNa,9.37,2.55,4.89,9.81,2.23,4.83,0,NlPNa,Nl,PNa,9.59,2.39,4.86,58.29498234,127.8,0,10,0
79NlPNa,9.59,2.08,4.86,9.84,2.34,4.85,0,NlPNa,Nl,PNa,9.715,2.21,4.855,54.5509992842,129.3,0,3,0
80NlPNa,9.22,2.53,4.87,9.27,2.05,4.68,0,NlPNa,Nl,PNa,9.245,2.29,4.775,52.9046896958,128.5,9,12,0
81NlPNa,9.03,2.18,4.59,9.28,2.16,4.66,0,NlPNa,Nl,PNa,9.155,2.17,4.625,48.0848446458,109.2,0,0,0
82NlPNa,10.06,2.34,4.81,9.41,2.22,4.96,0,NlPNa,Nl,PNa,9.735,2.28,4.885,56.74319277,125.5,0,0,0
83NlNa,10.31,2.3,5.18,10.35,NA,5.09,0,NlNa,Nl,Na,10.33,2.3,5.135,63.8479566833,141.1,0,0,0
84NlNa,10.8,2.11,4.97,10.47,NA,5.03,0,NlNa,Nl,Na,10.635,2.11,5,58.7176075,142.9,6,16,0
85NlNa,9.75,2.35,4.89,9.41,NA,4.79,0,NlNa,Nl,Na,9.58,2.35,4.84,57.0239281333,122.2,2,17,0
86NlNa,9.74,2.44,4.88,9.66,NA,4.94,0,NlNa,Nl,Na,9.7,2.44,4.91,60.8165038667,145.3,3,0,0
87NlNa,9.07,1.75,4.67,8.71,NA,4.53,0,NlNa,Nl,Na,8.89,1.75,4.6,37.4520883333,107.7,2,12,0
88NlNa,9.08,1.99,4.61,8.98,NA,4.56,0,NlNa,Nl,Na,9.03,1.99,4.585,43.117995655,111.9,0,21,0
89NlNa,8.67,1.9,4.22,8.5,NA,4.09,0,NlNa,Nl,Na,8.585,1.9,4.155,35.468541175,88.3,0,0,0
90NlNa,9.49,2.27,4.76,9.93,NA,4.67,0,NlNa,Nl,Na,9.71,2.27,4.715,54.3882621117,135.1,2,24,0
91NlNa,9.73,1.96,4.12,9.27,NA,4.63,0,NlNa,Nl,Na,9.5,1.96,4.375,42.6320416667,116.7,0,0,0
92NlNa,9.32,2.33,4.6,8.57,NA,4.42,0,NlNa,Nl,Na,8.945,2.33,4.51,49.1916290983,109.1,0,9,0
93NlNa,9.67,2.32,4.84,9.43,NA,4.55,0,NlNa,Nl,Na,9.55,2.32,4.695,54.4383998,112.9,9,10,0
94NlNa,9.45,2.02,4.69,9.08,NA,4.67,0,NlNa,Nl,Na,9.265,2.02,4.68,45.83751276,111.3,0,0,0
95NlNa,8.93,2.12,4.25,9.15,NA,4.39,0,NlNa,Nl,Na,9.04,2.12,4.32,43.32777984,90.4,2,10,0
96NlNa,10.29,2.32,4.62,9.62,NA,4.94,0,NlNa,Nl,Na,9.955,2.32,4.78,57.7744132533,129.2,4,12,0
98NlNa,9.04,1.91,4.67,8.93,1.85,4.77,0,NlNa,Nl,Na,8.985,1.88,4.72,41.72499824,109.5,14,4,0
99NlNa,9.04,1.93,4.44,9.01,1.76,4.58,0,NlNa,Nl,Na,9.025,1.845,4.51,39.3005402625,88.1,7,0,0
100NlNa,9.45,1.54,4.7,9.23,1.63,4.83,0,NlNa,Nl,Na,9.34,1.585,4.765,36.9162386983,107.8,0,0,0
101NlNa,9.37,2.01,4.52,9.34,1.62,4.53,0,NlNa,Nl,Na,9.355,1.815,4.525,40.2084565438,106.3,6,0,0
102NlNa,8.88,1.75,4.12,8.49,1.56,3.94,0,NlNa,Nl,Na,8.685,1.655,4.03,30.3145596975,82.5,0,22,0
103NlNa,9.33,1.67,4.3,8.83,1.83,4.34,0,NlNa,Nl,Na,9.08,1.75,4.32,35.924112,96,2,9,0
104NlNa,8.61,1.63,4,8.48,1.78,4.46,0,NlNa,Nl,Na,8.545,1.705,4.23,32.2518933825,81.4,8,13,0
105NlNa,8.78,1.73,4.15,8.62,1.49,4.13,0,NlNa,Nl,Na,8.7,1.61,4.14,30.3475662,82.5,1,11,0
106NlNa,8.96,1.74,4.46,9.35,1.62,4.58,0,NlNa,Nl,Na,9.155,1.68,4.52,36.38182352,103.4,0,0,0
107NlNa,9.77,1.95,4.78,9.82,1.98,4.8,0,NlNa,Nl,Na,9.795,1.965,4.79,48.2481767175,130.6,5,3,0
108NlNa,8.93,1.96,4.21,8.75,1.67,4.32,0,NlNa,Nl,Na,8.84,1.815,4.265,35.81181461,94.4,2,22,0
109NlNa,8.3,1.67,4.16,8.25,1.72,3.96,0,NlNa,Nl,Na,8.275,1.695,4.06,29.801775325,83.2,0,7,0
110NlNa,9.31,2.08,4.56,9.43,1.79,4.73,0,NlNa,Nl,Na,9.37,1.935,4.645,44.0742241725,120.4,17,20,0
111NlNa,9.24,1.91,4.47,9.55,2.22,4.81,0,NlNa,Nl,Na,9.395,2.065,4.64,47.1100124133,116.5,0,10,0
112NlNa,9.15,1.74,4.59,8.76,1.92,4.65,0,NlNa,Nl,Na,8.955,1.83,4.62,39.62206017,96.1,8,3,0
113NlNa,9.7,2.01,4.53,9.36,1.71,4.88,0,NlNa,Nl,Na,9.53,1.86,4.705,43.64594191,106.1,23,21,0
114NlNa,9.17,1.72,4.39,9.13,1.82,4.46,0,NlNa,Nl,Na,9.15,1.77,4.425,37.504729125,108.9,1,25,0
115NlNa,9.13,2.42,4.33,9.07,2.2,4.35,0,NlNa,Nl,Na,9.1,2.31,4.34,47.7442966,85.7,8,12,0
116NlNa,8.44,1.56,4.3,8.19,1.57,4.07,0,NlNa,Nl,Na,8.315,1.565,4.185,28.5003671963,82.8,21,19,0
117NlNa,9.34,2.02,4.57,9.3,1.7,4.7,0,NlNa,Nl,Na,9.32,1.86,4.635,42.04912788,110.3,5,6,0
118NlNa,9.06,1.94,4.53,9.01,1.83,4.44,0,NlNa,Nl,Na,9.035,1.885,4.485,39.9742529713,111.6,0,0,0
119NlNa,9.84,2.38,4.72,9.93,2.29,4.73,0,NlNa,Nl,Na,9.885,2.335,4.725,57.0747173063,128.4,19,0,0
120NlNa,8.46,1.72,4.07,8.39,1.63,4.04,0,NlNa,Nl,Na,8.425,1.675,4.055,29.9470451354,82.1,0,0,0
121NlNa,10.08,2.64,4.82,10.04,2.16,4.82,0,NlNa,Nl,Na,10.06,2.4,4.82,60.9024352,126.3,13,7,0
122NlPNa,9.21,1.94,4.43,9.09,1.86,4.44,0,NlPNa,Nl,PNa,9.15,1.9,4.435,40.35029525,105.4,0,0,0
123NlPNa,10.06,2.04,5.04,10.33,2.41,4.99,0,NlPNa,Nl,PNa,10.195,2.225,5.015,59.5342080021,139.9,0,0,0
124NlPNa,9.35,2.17,4.57,9.28,2.09,4.8,0,NlPNa,Nl,PNa,9.315,2.13,4.685,48.6463718925,112.4,20,24,0
125NlPNa,9.46,2.24,4.44,9.82,2.24,4.65,0,NlPNa,Nl,PNa,9.64,2.24,4.545,51.36145728,131.3,3,23,0
126NlPNa,9.32,2.22,4.68,9.28,1.54,4.5,0,NlPNa,Nl,PNa,9.3,1.88,4.59,41.9983164,93.5,6,0,0
127NlPNa,8.89,1.89,4.32,8.37,1.65,4.26,0,NlPNa,Nl,PNa,8.63,1.77,4.29,34.29412701,89.4,M,M,0
128NlPNa,9.15,1.45,4.23,9.22,1.83,4.3,0,NlPNa,Nl,PNa,9.185,1.64,4.265,33.6217598567,107.4,M,M,0
129NlPNa,9.41,1.8,4.41,9.19,1.93,4.5,0,NlPNa,Nl,PNa,9.3,1.865,4.455,40.437834525,105,0,0,0
130NlPNa,9.4,1.85,4.59,9.32,2,4.63,0,NlPNa,Nl,PNa,9.36,1.925,4.61,43.4696262,128.7,37,49,0
131NlPNa,9.5,2.14,4.78,9.93,2.26,4.65,0,NlPNa,Nl,PNa,9.715,2.2,4.715,52.7382337167,137.3,0,0,0
132NlPNa,9.52,2.55,4.7,9.51,1.85,4.54,0,NlPNa,Nl,PNa,9.515,2.2,4.62,50.6118074,117.8,4,0,0
133NlPNa,9.2,2.24,4.24,9.35,2.28,4.36,0,NlPNa,Nl,PNa,9.275,2.26,4.3,47.1703621667,99.4,0,0,0
134NlPNa,8.99,2,4.41,9,1.58,4.36,0,NlPNa,Nl,PNa,8.995,1.79,4.385,36.9489578908,103.4,M,M,0
135NlPNa,10.17,2,4.53,9.82,1.62,4.61,0,NlPNa,Nl,PNa,9.995,1.81,4.57,43.2669190517,125.2,?,26,0
136NlPNa,9.37,1.84,4.79,9.11,1.78,4.9,0,NlPNa,Nl,PNa,9.24,1.81,4.845,42.40555242,112.1,M,M,0
137NlPNa,9.38,1.95,4.62,9.22,1.76,4.52,0,NlPNa,Nl,PNa,9.3,1.855,4.57,41.25926245,123.4,M,M,0
138NlPNa,10.32,2.16,5.07,10.39,2.41,4.97,0,NlPNa,Nl,PNa,10.355,2.285,5.02,62.1610615483,147.3,M,M,0
139NlPNa,9.75,1.96,4.65,10.38,2.04,4.61,0,NlPNa,Nl,PNa,10.065,2,4.63,48.775661,98.7,0,0,0
140NlPNa,8.09,1.47,4.51,8.35,1.7,4.45,0,NlPNa,Nl,PNa,8.22,1.585,4.48,30.54622144,82.2,M,M,0
141NlPNa,9.57,2.29,4.9,9.32,2.04,4.78,0,NlPNa,Nl,PNa,9.445,2.165,4.84,51.7944972967,120.4,0,11,0
142NlPNa,8.95,1.9,4.37,9.09,1.86,4.26,0,NlPNa,Nl,PNa,9.02,1.88,4.315,38.2933696933,94.1,0,0,0
143NlPNa,8.7,1.43,4.15,8.36,2.3,4.36,0,NlPNa,Nl,PNa,8.53,1.865,4.255,35.4246713192,81.6,0,0,0
S2NlNa,9.59,1.87,4.31,9.38,2.15,4.31,1,NlNa,Nl,Na,9.485,2.01,4.31,43.002040165,158.4,NA,NA,0
S3NlNa,9.07,1.73,4.04,9.15,1.43,4.15,1,NlNa,Nl,Na,9.11,1.58,4.095,30.84663309,99.4,NA,NA,0
S4NlNa,9.54,1.82,4.44,9.4,1.81,4.39,1,NlNa,Nl,Na,9.47,1.815,4.415,39.7132759925,130.2,NA,NA,0
S11NlNa,9.61,2.23,4.83,9.8,2.38,4.87,1,NlNa,Nl,Na,9.705,2.305,4.85,56.7788517875,127.1,NA,NA,0
S12NlNa,9.31,2.42,4.46,9.22,1.99,4.71,1,NlNa,Nl,Na,9.265,2.205,4.585,49.0198248488,128,NA,NA,0
S13NlNa,8.62,2.15,4.33,8.9,2.3,4.5,1,NlNa,Nl,Na,8.76,2.225,4.415,45.03428035,106.7,NA,NA,0
S14NlNa,8.78,2.32,4.31,8.98,2.19,4.31,1,NlNa,Nl,Na,8.88,2.255,4.31,45.16636916,106.9,NA,NA,0
S15NlNa,9.23,2.4,4.63,9.23,2.37,4.48,1,NlNa,Nl,Na,9.23,2.385,4.555,52.4755335975,117.1,NA,NA,0
S16NlNa,9.75,1.93,4.86,9.7,2.12,4.74,1,NlNa,Nl,Na,9.725,2.025,4.8,49.46913,118.8,NA,NA,0
S17NlNa,9.31,1.96,4.59,9.28,1.93,4.6,1,NlNa,Nl,Na,9.295,1.945,4.595,43.4743315554,115.7,NA,NA,0
S18NlNa,8.99,1.78,4.24,8.95,2.13,4.34,1,NlNa,Nl,Na,8.97,1.955,4.29,39.370859385,88.1,NA,NA,0
S19NlNa,8.68,2.18,4.34,8.9,2.04,4.31,1,NlNa,Nl,Na,8.79,2.11,4.325,41.979362575,100.3,NA,NA,0
S20NlNa,8.51,1.75,4.36,8.25,1.87,4.41,1,NlNa,Nl,Na,8.38,1.81,4.385,34.8073202367,82.1,NA,NA,0
S21NlNa,8.73,2.55,4.42,8.66,2.47,4.39,1,NlNa,Nl,Na,8.695,2.51,4.405,50.3115408442,89.9,NA,NA,0
S22NlNa,9.52,2.36,4.89,9.52,1.94,4.55,1,NlNa,Nl,Na,9.52,2.15,4.72,50.5586890667,102.8,NA,NA,0
S23NlNa,8.89,2.35,4.3,8.69,2.15,4.21,1,NlNa,Nl,Na,8.79,2.25,4.255,44.040207375,84.2,NA,NA,0
S24NlNa,9.27,1.93,4.25,9.35,1.91,4.53,1,NlNa,Nl,Na,9.31,1.92,4.39,41.06708032,95.6,NA,NA,0
S25NlNa,9.34,2.27,4.47,9.25,2.32,4.74,1,NlNa,Nl,Na,9.295,2.295,4.605,51.4091136488,111.6,NA,NA,0
S26NlNa,9.88,2.11,4.65,9.63,2.01,4.48,1,NlNa,Nl,Na,9.755,2.06,4.565,48.0080066217,121.7,NA,NA,0
S27NlNa,8.63,1.99,4.12,8.57,2.09,4.28,1,NlNa,Nl,Na,8.6,2.04,4.2,38.561712,76.4,NA,NA,0
S28NlNa,8.89,1.87,4.58,8.6,1.98,4.33,1,NlNa,Nl,Na,8.745,1.925,4.455,39.2479207313,90.8,NA,NA,0
S29NlNa,9.15,2.17,4.7,9.49,2.03,4.7,1,NlNa,Nl,Na,9.32,2.1,4.7,48.140596,94.3,NA,NA,0
S30NlNa,9.37,1.88,4.27,8.75,1.92,4.22,1,NlNa,Nl,Na,9.06,1.9,4.245,38.2417617,73.6,NA,NA,0
S31NlNa,9.46,2.02,4.58,8.88,1.91,4.44,1,NlNa,Nl,Na,9.17,1.965,4.51,42.529162445,98.5,NA,NA,0
S32NlNa,8.97,1.88,4.52,9,1.76,4.36,1,NlNa,Nl,Na,8.985,1.82,4.44,37.99713372,86.9,NA,NA,0
S33NlNa,9.24,2.08,4.12,8.93,1.75,4.3,1,NlNa,Nl,Na,9.085,1.915,4.21,38.3313578058,84.4,NA,NA,0
S34NlNa,9.44,1.96,4.58,9.53,1.83,4.58,1,NlNa,Nl,Na,9.485,1.895,4.58,43.0814612317,105.6,NA,NA,0
S35NlNa,9.28,2.37,4.6,8.86,2.41,4.51,1,NlNa,Nl,Na,9.07,2.39,4.555,51.6739864517,104.8,NA,NA,0
S36NlNa,9.55,2.61,4.56,9.27,2.5,4.56,1,NlNa,Nl,Na,9.41,2.555,4.56,57.37514132,116.8,NA,NA,0
S37NlNa,10.83,2.16,4.71,9.91,2.2,4.51,1,NlNa,Nl,Na,10.37,2.18,4.61,54.5399296067,129.3,NA,NA,0
S38NlNa,8.85,2.17,4.47,8.59,1.7,4.6,1,NlNa,Nl,Na,8.72,1.935,4.535,40.04544678,99,NA,NA,0
S39NlNa,9,2.02,4.2,9.02,1.75,4.18,1,NlNa,Nl,Na,9.01,1.885,4.19,37.2416201517,84.3,NA,NA,0
S40NlNa,8.21,1.53,4.1,8.04,1.86,4.28,1,NlNa,Nl,Na,8.125,1.695,4.19,30.1985084375,73.2,NA,NA,0
S41NlNa,9.37,2.36,4.36,9.44,2.05,4.51,1,NlNa,Nl,Na,9.405,2.205,4.435,48.1326103913,123.9,NA,NA,0
S42NlNa,8.65,1.61,4.26,8.75,1.54,3.98,1,NlNa,Nl,Na,8.7,1.575,4.12,29.544417,68.8,NA,NA,0
S43NlNa,10.03,1.86,4.4,10.07,1.96,4.48,1,NlNa,Nl,Na,10.05,1.91,4.44,44.6026638,109,NA,NA,0
S44NlNa,10.04,2.23,4.52,9.84,1.53,4.79,1,NlNa,Nl,Na,9.94,1.88,4.655,45.5241993733,114.7,NA,NA,0
1PNlNa,7.64,2.13,4.1,7.75,2.19,4.1,0,PNlNa,PNl,Na,7.695,2.16,4.1,35.6635548,65.6,NA,NA,0
2PNlNa,7.86,1.78,4.08,7.89,2.07,4.03,0,PNlNa,PNl,Na,7.875,1.925,4.055,32.1699623438,66.4,NA,NA,0
3PNlNa,8.16,2.26,4.29,8.36,2.37,4.29,0,PNlNa,PNl,Na,8.26,2.315,4.29,42.93057769,82.1,NA,NA,0
4PNlPNa,7.91,2.25,4.17,8.15,2.29,3.98,0,PNlPNa,PNl,PNa,8.03,2.27,4.075,38.8729422583,71,NA,NA,0
5PNlPNa,7.95,2.9,4.34,7.56,2.89,4.02,0,PNlPNa,PNl,PNa,7.755,2.895,4.18,49.111709295,80.9,NA,NA,0
6PNlPNa,9.05,2.83,4.67,8.82,2.84,4.52,0,PNlPNa,PNl,PNa,8.935,2.835,4.595,60.9132165863,103.5,NA,NA,0
8PNlNa,8.65,2.41,4.32,8.8,2.53,4.23,0,PNlNa,PNl,Na,8.725,2.47,4.275,48.2144154375,97,NA,NA,0
10PNlNa,9,2.95,4.62,9.02,3.01,4.47,0,PNlNa,PNl,Na,9.01,2.98,4.545,63.86359179,105,NA,NA,0
11PNlNa,8.92,2.4,4.18,9.1,2.53,4.2,0,PNlNa,PNl,Na,9.01,2.465,4.19,48.7005801983,98.1,NA,NA,0
12PNlPNa,9.41,2.69,4.68,9.33,2.85,4.73,0,PNlPNa,PNl,PNa,9.37,2.77,4.705,63.9083176883,108.1,NA,NA,0
13PNlNa,8.94,2.78,4.23,8.6,2.76,4.37,0,PNlNa,PNl,Na,8.77,2.77,4.3,54.6671226333,102.5,NA,NA,0
14PNlPNa,9.95,2.71,4.96,9.84,2.72,4.88,0,PNlPNa,PNl,PNa,9.895,2.715,4.92,69.17180889,128.3,NA,NA,0
15PNlNa,9.49,2.57,4.89,9.68,2.63,4.87,0,PNlNa,PNl,Na,9.585,2.6,4.88,63.6449112,111.7,NA,NA,0
16PNlPNa,9.55,2.79,4.5,9.32,2.72,4.6,0,PNlPNa,PNl,PNa,9.435,2.755,4.55,61.8946771625,109,NA,NA,0
17PNlNa,10.03,2.53,5.02,10.15,2.47,4.97,0,PNlNa,PNl,Na,10.09,2.5,4.995,65.93941125,133.1,NA,NA,0
18PNlPNa,9,2.87,4.56,8.95,2.9,4.52,0,PNlPNa,PNl,PNa,8.975,2.885,4.54,61.5197448083,102.3,NA,NA,0
19PNlPNa,9.03,2.76,4.59,9.03,2.51,4.53,0,PNlPNa,PNl,PNa,9.03,2.635,4.56,56.78212092,101.8,NA,NA,0
20PNlPNa,10.06,2.64,5.08,10.03,2.6,4.92,0,PNlPNa,PNl,PNa,10.045,2.62,5,68.8651716667,129.3,NA,NA,0
21PNlPNa,9.69,3.07,4.83,9.62,2.8,4.9,0,PNlPNa,PNl,PNa,9.655,2.935,4.865,72.1475563404,126.3,NA,NA,0
22PNlPNa,9.1,2.64,4.41,NA,NA,NA,0,PNlPNa,PNl,PNa,9.1,2.64,4.41,55.4449896,95.3,NA,NA,0
23PNlPNa,9.5,2.47,4.69,NA,NA,NA,0,PNlPNa,PNl,PNa,9.5,2.47,4.69,57.5932781667,103.8,NA,NA,0
24PNlPNa,8.5,1.7,4.36,NA,NA,NA,0,PNlPNa,PNl,PNa,8.5,1.7,4.36,32.9710466667,70.7,NA,NA,0
25PNlPNa,9.71,2.7,4.86,NA,NA,NA,0,PNlPNa,PNl,PNa,9.71,2.7,4.86,66.6803178,115.8,NA,NA,0
26PNlPNa,9.47,2.44,4.77,9.46,2.45,4.77,0,PNlPNa,PNl,PNa,9.465,2.445,4.77,57.7691873775,107.4,NA,NA,0
27PNlPNa,9.99,2.63,4.92,9.96,2.69,4.94,0,PNlPNa,PNl,PNa,9.975,2.66,4.93,68.45731445,122.1,NA,NA,0
28PNlPNa,10.42,2.61,5.09,10.54,2.93,5.11,0,PNlPNa,PNl,PNa,10.48,2.77,5.1,77.4800024,159.2,NA,NA,0
29PNlNa,9.48,2.66,5.01,10.14,2.6,4.99,0,PNlNa,PNl,Na,9.81,2.63,5,67.510785,137.5,NA,NA,0
30PNlNa,10.85,3.15,5.43,10.87,3.01,5.41,0,PNlNa,PNl,Na,10.86,3.08,5.42,94.87640624,175.4,NA,NA,0
31PNlNa,9.59,2.51,4.69,9.59,2.68,4.75,0,PNlNa,PNl,Na,9.59,2.595,4.72,61.47186164,114.2,NA,NA,0
32PNlNa,9.78,2.6,5.1,10,2.58,5.09,0,PNlNa,PNl,Na,9.89,2.59,5.095,68.2996757217,124.3,NA,NA,0
33PNlNa,9.26,2.67,4.86,9.2,2.63,4.83,0,PNlNa,PNl,Na,9.23,2.65,4.845,62.018285225,116.6,NA,NA,0
34PNlNa,9.5,2.66,4.89,9.46,2.6,4.82,0,PNlNa,PNl,Na,9.48,2.63,4.855,63.34782638,109.7,NA,NA,0
35PNlNa,9.75,2.34,4.87,9.83,2.4,4.91,0,PNlNa,PNl,Na,9.79,2.37,4.89,59.37700593,155.5,NA,NA,0
36PNlPNa,9.11,2.24,4.84,9.19,2.4,4.75,0,PNlPNa,PNl,PNa,9.15,2.32,4.795,53.2691894,103.5,NA,NA,0
37PNlPNa,10.02,2.85,5.03,10.03,2.74,4.99,0,PNlPNa,PNl,PNa,10.025,2.795,5.01,73.4653102625,128.5,NA,NA,0
38PNlPNa,9.65,2.74,4.97,9.43,2.62,5,0,PNlPNa,PNl,PNa,9.54,2.68,4.985,66.70013748,122.1,NA,NA,0
39PNlPNa,9.84,2.42,4.97,9.83,2.46,4.97,0,PNlPNa,PNl,PNa,9.835,2.44,4.97,62.4164374867,110.1,NA,NA,0
40PNlPNa,10.03,2.4,5.06,10.11,2.56,5.03,0,PNlPNa,PNl,PNa,10.07,2.48,5.045,65.9357149467,125.8,NA,NA,0
41PNlPNa,9.41,2.87,4.77,9.32,2.82,4.65,0,PNlPNa,PNl,PNa,9.365,2.845,4.71,65.6733782825,126,NA,NA,0
52PNlNa,8.39,1.41,4.31,8.51,1.65,4.35,0,PNlNa,PNl,Na,8.45,1.53,4.33,29.29641195,65.7,NA,NA,0
53PNlNa,9.63,2.18,4.8,9.67,2.05,4.71,0,PNlNa,PNl,Na,9.65,2.115,4.755,50.7886423875,103.9,NA,NA,0
54PNlNa,9.93,2.13,4.85,9.91,2.31,4.86,0,PNlNa,PNl,Na,9.92,2.22,4.855,55.95414688,115.7,NA,NA,0
55PNlPNa,9.06,2.16,4.54,9.08,2.27,4.48,0,PNlPNa,PNl,PNa,9.07,2.215,4.51,47.4172056783,96,NA,NA,0
56PNlPNa,9.74,2.47,4.88,9.76,2.64,4.86,0,PNlPNa,PNl,PNa,9.75,2.555,4.87,63.489642125,119.8,NA,NA,0
57PNlPNa,9.5,2.77,4.77,9.42,2.64,4.81,0,PNlPNa,PNl,PNa,9.46,2.705,4.79,64.1464042633,115.5,NA,NA,0
58PNlPNa,9.71,2.37,4.86,9.7,2.61,4.88,0,PNlPNa,PNl,PNa,9.705,2.49,4.87,61.588871385,122.2,NA,NA,0
59PNlNa,10.11,2.7,4.95,10.02,2.73,4.84,0,PNlNa,PNl,Na,10.065,2.715,4.895,70.0026864488,128.6,NA,NA,0
60PNlNa,10.03,2.68,4.88,10.08,2.83,5.03,0,PNlNa,PNl,Na,10.055,2.755,4.955,71.8332861696,130.8,NA,NA,0
61PNlNa,10.57,2.73,5.3,10.56,2.92,5.27,0,PNlNa,PNl,Na,10.565,2.825,5.285,82.5489099604,152.7,NA,NA,0
62PNlNa,9.76,2.24,4.84,9.71,2.26,4.82,0,PNlNa,PNl,Na,9.735,2.25,4.83,55.366108875,117.6,NA,NA,0
63PNlNa,9.86,2.8,4.94,9.72,2.66,4.8,0,PNlNa,PNl,Na,9.79,2.73,4.87,68.11655851,121.9,NA,NA,0
64PNlNa,9.68,2.87,4.91,9.66,2.82,4.89,0,PNlNa,PNl,Na,9.67,2.845,4.9,70.5477589833,119.8,NA,NA,0
65PNlNa,9.6,2.27,4.79,9.61,2.24,4.63,0,PNlNa,PNl,Na,9.605,2.255,4.71,53.3879469475,106.5,NA,NA,0
66PNlPNa,9.23,2.42,4.5,9.18,2.43,4.56,0,PNlPNa,PNl,PNa,9.205,2.425,4.53,52.9190617375,100.7,NA,NA,0
67PNlPNa,9.47,2.81,4.85,9.69,2.87,4.83,0,PNlPNa,PNl,PNa,9.58,2.84,4.84,68.9140237867,124.7,NA,NA,0
68PNlPNa,9.84,2.19,4.89,9.71,2.67,4.77,0,PNlPNa,PNl,PNa,9.775,2.43,4.83,60.041090025,119.2,NA,NA,0
69PNlPNa,9.46,2.99,4.8,9.54,2.88,4.68,0,PNlPNa,PNl,PNa,9.5,2.935,4.74,69.1653295,121.2,NA,NA,0
70PNlPNa,9.29,2.11,4.75,9.19,2.49,4.74,0,PNlPNa,PNl,PNa,9.24,2.3,4.745,52.7733206,97.5,NA,NA,0
71PNlPNa,10.34,2.5,5.25,10.41,2.06,5.29,0,PNlPNa,PNl,PNa,10.375,2.28,5.27,65.2397015,103.4,NA,NA,0
72PNlNa,9.83,2.57,4.87,9.76,2.46,4.83,0,PNlNa,PNl,Na,9.795,2.515,4.85,62.5262763875,129.6,NA,NA,0
73PNlNa,9.61,2.86,4.76,9.82,3.03,4.68,0,PNlNa,PNl,Na,9.715,2.945,4.72,70.6721820067,130.1,NA,NA,0
75PNlNa,9.48,2.3,4.64,9.45,2.42,4.65,0,PNlNa,PNl,Na,9.465,2.36,4.645,54.29961337,107.5,NA,NA,0
76PNlPNa,9.85,2.48,4.72,9.81,2.54,4.75,0,PNlPNa,PNl,PNa,9.83,2.51,4.735,61.1400261783,118.2,NA,NA,0
77PNlPNa,10.49,2.43,5.15,10.33,2.48,5.05,0,PNlPNa,PNl,PNa,10.41,2.455,5.1,68.21043195,135.8,NA,NA,0
78PNlPNa,9.46,2.48,4.76,9.44,2.35,4.73,0,PNlPNa,PNl,PNa,9.45,2.415,4.745,56.6713499625,107.8,NA,NA,0
79PNlPNa,9.04,2.48,4.65,8.99,2.35,4.51,0,PNlPNa,PNl,PNa,9.015,2.415,4.58,52.182723495,98.6,NA,NA,0
80PNlPNa,9.09,2.36,4.68,9.24,2.42,4.56,0,PNlPNa,PNl,PNa,9.165,2.39,4.62,52.96033743,97.4,NA,NA,0
81PNlNa,9.39,1.98,4.53,9.41,1.92,4.56,0,PNlNa,PNl,Na,9.4,1.95,4.545,43.5988215,112.7,NA,NA,0
82PNlNa,9.35,2.1,4.45,9.47,2.07,4.43,0,PNlNa,PNl,Na,9.41,2.085,4.44,45.58868346,116.1,NA,NA,0
83PNlNa,9.94,2.14,4.51,9.34,2.16,4.48,0,PNlNa,PNl,Na,9.64,2.15,4.495,48.7554969667,114.6,NA,NA,0
84PNlPNa,8.98,2.93,4.58,9.52,2.42,4.62,0,PNlPNa,PNl,PNa,9.25,2.675,4.6,59.5664541667,129.6,NA,NA,0
85PNlPNa,9.94,2.2,4.62,10.03,2.43,4.58,0,PNlPNa,PNl,PNa,9.985,2.315,4.6,55.6461720167,130.1,NA,NA,0
86PNlPNa,8.98,2.2,4.33,9.03,2.31,4.42,0,PNlPNa,PNl,PNa,9.005,2.255,4.375,46.4929088021,116.1,NA,NA,0
87PNlNa,9.84,3.03,5.02,9.85,2.82,5.06,0,PNlNa,PNl,Na,9.845,2.925,5.04,75.9539781,125,NA,NA,0
88PNlNa,9.49,2.75,4.61,9.36,2.67,4.57,0,PNlNa,PNl,Na,9.425,2.71,4.59,61.353837675,112.9,NA,NA,0
89PNlNa,9.93,2.77,5.12,10.02,2.93,4.9,0,PNlNa,PNl,Na,9.975,2.85,5.01,74.537339625,119.6,NA,NA,0
90PNlNa,10.31,2.92,5.1,10.37,2.93,5.04,0,PNlNa,PNl,Na,10.34,2.925,5.07,80.24773185,147.2,NA,NA,0
91PNlNa,9.64,2.89,4.73,9.64,2.83,4.72,0,PNlNa,PNl,Na,9.64,2.86,4.725,68.1747066,118.4,NA,NA,0
92PNlPNa,9.93,2.67,4.84,9.88,2.52,4.82,0,PNlPNa,PNl,PNa,9.905,2.595,4.83,64.9706737575,122.5,NA,NA,0
93PNlPNa,9.64,2.05,4.87,9.6,2.07,4.96,0,PNlPNa,PNl,PNa,9.62,2.06,4.915,50.9734715533,107,NA,NA,0
94PNlPNa,10.28,3.04,5.02,10.25,3.16,4.96,0,PNlPNa,PNl,PNa,10.265,3.1,4.99,83.0997258167,146.4,NA,NA,0
95PNlPNa,9.67,2.46,4.82,9.52,2.45,4.82,0,PNlPNa,PNl,PNa,9.595,2.455,4.82,59.4185311217,116.9,NA,NA,0
97PNlPNa,9.88,2.78,4.98,9.64,2.89,5.1,0,PNlPNa,PNl,PNa,9.76,2.835,5.04,72.98133696,133.6,NA,NA,0
98PNlPNa,10.07,1.98,5.06,10.15,1.98,5.1,0,PNlPNa,PNl,PNa,10.11,1.98,5.08,53.21798856,112.7,NA,NA,0
99PNlPNa,9.46,2.69,4.94,9.6,2.76,4.87,0,PNlPNa,PNl,PNa,9.53,2.725,4.905,66.6617662875,130.5,NA,NA,0
100PNlPNa,10.52,2.81,5.17,10.58,2.88,5.08,0,PNlPNa,PNl,PNa,10.55,2.845,5.125,80.5020607292,149.8,NA,NA,0
101PNlPNa,10.22,3.02,5.16,10.35,3.07,10.52,0,PNlPNa,PNl,PNa,10.285,3.045,7.84,128.49494812,147.1,NA,NA,0
102PNlPNa,9.22,2.85,4.75,9.17,2.77,4.88,0,PNlPNa,PNl,PNa,9.195,2.81,4.815,65.1077583075,113.9,NA,NA,0
103PNlPNa,10.66,2.61,5.12,10.75,2.71,5.1,0,PNlPNa,PNl,PNa,10.705,2.66,5.11,76.1495964367,140.4,NA,NA,0
104PNlPNa,10.22,2.98,5.08,10.28,2.76,5,0,PNlPNa,PNl,PNa,10.25,2.87,5.04,77.591598,142.9,NA,NA,0
105PNlNa,9.88,2.96,5.02,9.81,2.87,5.07,0,PNlNa,PNl,Na,9.845,2.915,5.045,75.7693999379,130.1,NA,NA,0
106PNlNa,9.81,2.56,4.77,9.72,2.64,4.78,0,PNlNa,PNl,Na,9.765,2.6,4.775,63.44499525,117.9,NA,NA,0
107PNlNa,9.71,2.71,4.73,9.63,2.82,4.72,0,PNlNa,PNl,Na,9.67,2.765,4.725,66.1152767625,127.8,NA,NA,0
108PNlNa,9.83,2.57,4.87,9.76,2.46,4.83,0,PNlNa,PNl,Na,9.795,2.515,4.85,62.5262763875,130.6,NA,NA,0
109PNlNa,9.61,2.86,4.76,9.82,3.03,4.68,0,PNlNa,PNl,Na,9.715,2.945,4.72,70.6721820067,112.3,NA,NA,0
110PNlNa,9.48,2.3,4.64,9.45,2.42,4.65,0,PNlNa,PNl,Na,9.465,2.36,4.645,54.29961337,163.2,NA,NA,0
111PNlNa,9.85,2.48,4.72,9.81,2.34,4.75,0,PNlNa,PNl,Na,9.83,2.41,4.735,58.7041685617,124.5,NA,NA,0
112PNlNa,10.49,2.43,5.15,10.33,2.48,5.05,0,PNlNa,PNl,Na,10.41,2.455,5.1,68.21043195,123.3,NA,NA,0
113PNlNa,9.46,2.48,4.76,9.44,2.35,4.73,0,PNlNa,PNl,Na,9.45,2.415,4.745,56.6713499625,122.1,NA,NA,0
114PNlNa,9.04,2.48,4.65,8.99,2.35,4.51,0,PNlNa,PNl,Na,9.015,2.415,4.58,52.182723495,111.8,NA,NA,0
115PNlNa,9.09,2.36,4.68,9.24,2.42,4.56,0,PNlNa,PNl,Na,9.165,2.39,4.62,52.96033743,115.6,NA,NA,0
116PNlNa,9.39,1.98,4.53,9.41,1.92,4.56,0,PNlNa,PNl,Na,9.4,1.95,4.545,43.5988215,160.1,NA,NA,0
117PNlNa,9.35,2.1,4.45,9.47,2.07,4.43,0,PNlNa,PNl,Na,9.41,2.085,4.44,45.58868346,135.3,NA,NA,0
118PNlPNa,9.3,2.14,4.51,9.34,2.16,4.48,0,PNlPNa,PNl,PNa,9.32,2.15,4.495,47.1370572333,120.8,NA,NA,0
119PNlPNa,9.53,2.93,4.58,9.52,2.42,4.62,0,PNlPNa,PNl,PNa,9.525,2.675,4.6,61.33734875,153.1,NA,NA,0
120PNlPNa,9.94,2.2,4.62,10.03,2.43,4.58,0,PNlPNa,PNl,PNa,9.985,2.315,4.6,55.6461720167,109.5,NA,NA,0
121PNlPNa,8.98,2.2,4.33,9.03,2.31,4.42,0,PNlPNa,PNl,PNa,9.005,2.255,4.375,46.4929088021,104.5,NA,NA,0
122PNlNa,9.7,2.65,4.81,9.64,2.75,4.79,0,PNlNa,PNl,Na,9.67,2.7,4.8,65.585808,118.1,NA,NA,0
123PNlNa,9.53,2.17,4.78,9.59,2.38,4.74,0,PNlNa,PNl,Na,9.56,2.275,4.76,54.1782089333,109.9,NA,NA,0
124PNlNa,10.3,2.58,5.12,10.4,2.5,5.09,0,PNlNa,PNl,Na,10.35,2.54,5.105,70.23413055,136.9,NA,NA,0
125PNlNa,9.51,2.65,4.63,9.34,2.77,4.65,0,PNlNa,PNl,Na,9.425,2.71,4.64,62.0221801333,110.6,NA,NA,0
126PNlNa,9.83,2.27,5,9.99,2.38,4.95,0,PNlNa,PNl,Na,9.91,2.325,4.975,59.9885126875,118.7,NA,NA,0
1SNlPNa,8.55,2.42,4.56,8.81,2.59,4.34,1,NlPNa,Nl,PNa,8.68,2.505,4.45,50.6367547,84.6,NA,NA,0
2SNlPNa,10,2.62,5.11,9.89,2.67,5.06,1,NlPNa,Nl,PNa,9.945,2.645,5.085,70.0002867038,109.2,NA,NA,0
3SNlPNa,9.36,2.33,4.48,9.31,1.99,4.51,1,NlPNa,Nl,PNa,9.335,2.16,4.495,47.43251658,86.2,NA,NA,0
4SNlPNa,9.56,1.6,4.9,9.48,1.91,4.93,1,NlPNa,Nl,PNa,9.52,1.755,4.915,42.97501026,87.3,NA,NA,0
5SNlPNa,10.76,2.98,5.2,10.6,2.96,5.15,1,NlPNa,Nl,PNa,10.68,2.97,5.175,85.9046067,147,NA,NA,0
6SNlPNa,9.7,2.33,4.79,9.78,2.22,4.84,1,NlPNa,Nl,PNa,9.74,2.275,4.815,55.836096225,94.2,NA,NA,0
8SNlPNa,10.68,2.52,5.06,10.55,2.52,5.09,1,NlPNa,Nl,PNa,10.615,2.52,5.075,71.04523965,141.7,NA,NA,0
9SNlPNa,11.24,2.98,5.58,11.44,3.08,5.55,1,NlPNa,Nl,PNa,11.34,3.03,5.565,100.06892847,192,NA,NA,0
10SNlPNa,10.74,2.11,4.74,10.9,1.76,4.98,1,NlPNa,Nl,PNa,10.82,1.935,4.86,53.25040278,120,NA,NA,0
11SNlPNa,9.5,1.76,4.77,9.59,1.7,4.71,1,NlPNa,Nl,PNa,9.545,1.73,4.74,40.96177571,85.2,NA,NA,0
12SNlPNa,10.08,2.08,4.93,9.79,2.11,5.04,1,NlPNa,Nl,PNa,9.935,2.095,4.985,54.2994535571,102.3,NA,NA,0
13SNlPNa,9.98,2.07,4.92,9.91,1.91,5.01,1,NlPNa,Nl,PNa,9.945,1.99,4.965,51.4227755925,107.6,NA,NA,0
14SNlPNa,9.77,2.69,4.99,10.01,2.71,4.84,1,NlPNa,Nl,PNa,9.89,2.7,4.915,68.68501155,142.7,NA,NA,0
15SNlPNa,9.67,2.32,4.85,9.56,2.2,4.74,1,NlPNa,Nl,PNa,9.615,2.26,4.795,54.528648895,111.3,NA,NA,0
16SNlPNa,10.24,2.83,5.08,10.19,2.72,5.02,1,NlPNa,Nl,PNa,10.215,2.775,5.05,74.9154054375,139.8,NA,NA,0
17SNlPNa,9.66,2.26,4.92,9.81,2.24,4.89,1,NlPNa,Nl,PNa,9.735,2.25,4.905,56.2258310625,108.7,NA,NA,0
18SNlPNa,8.96,1.99,4.71,8.96,1.64,4.72,1,NlPNa,Nl,PNa,8.96,1.815,4.715,40.12774304,78.5,NA,NA,0
19SNlPNa,9.34,2.45,4.54,9.34,2.45,4.52,1,NlPNa,Nl,PNa,9.34,2.45,4.53,54.2487281,104.9,NA,NA,0
20SNlPNa,10.15,1.94,5.09,10.41,1.76,4.86,1,NlPNa,Nl,PNa,10.28,1.85,4.975,49.5149478333,90,NA,NA,0
1SPNlNa,9.13,2.54,4.62,9.18,2.68,4.54,1,PNlNa,PNl,Na,9.155,2.61,4.58,57.27205041,101.4,NA,NA,0
2SPNlNa,9.49,2.56,4.78,9.68,2.48,4.77,1,PNlNa,PNl,Na,9.585,2.52,4.775,60.35933295,122.6,NA,NA,0
3SPNlNa,10.69,2.69,5.22,10.6,2.54,5.32,1,PNlNa,PNl,Na,10.645,2.615,5.27,76.7726217608,143.8,NA,NA,0
4SPNlNa,9.89,2.12,4.79,9.72,2.84,4.7,1,PNlNa,PNl,Na,9.805,2.48,4.745,60.3828897533,122.4,NA,NA,0
5SPNlNa,9.06,2.39,4.43,8.95,2.11,4.47,1,PNlNa,PNl,Na,9.005,2.25,4.45,47.185074375,87.6,NA,NA,0
6SPNlPNa,9.58,2.86,4.83,9.46,2.86,4.77,1,PNlPNa,PNl,PNa,9.52,2.86,4.8,68.3947264,121.4,NA,NA,0
7SPNlPNa,9.19,2.67,4.69,9.22,2.6,4.62,1,PNlPNa,PNl,PNa,9.205,2.635,4.655,59.0884360704,105.8,NA,NA,0
8SPNlPNa,10.39,2.83,4.91,10.32,2.7,4.92,1,PNlPNa,PNl,PNa,10.355,2.765,4.915,73.6456600221,134.7,NA,NA,0
9SPNlPNa,10.55,3.31,5.08,10.87,3.27,5.04,1,PNlPNa,PNl,PNa,10.71,3.29,5.06,93.30701226,163.4,NA,NA,0
10SPNlPNa,10.36,2.68,5.03,10.4,2.79,5,1,PNlPNa,PNl,PNa,10.38,2.735,5.015,74.508191005,145,NA,NA,0
11SPNlPNa,10.03,2.8,4.9,10.17,2.8,4.97,1,PNlPNa,PNl,PNa,10.1,2.8,4.935,73.037342,130.6,NA,NA,0
12SPNlNa,10.19,2.24,4.79,10.34,1.8,4.83,1,PNlNa,PNl,Na,10.265,2.02,4.81,52.1955883367,119.6,NA,NA,0
13SPNlNa,10.34,2.72,5,10.35,2.49,4.91,1,PNlNa,PNl,Na,10.345,2.605,4.955,69.8811879429,133.6,NA,NA,0
14SPNlNa,10.37,2.56,5.05,10.21,2.76,4.99,1,PNlNa,PNl,Na,10.29,2.66,5.02,71.90831732,140.3,NA,NA,0
15SPNlPNa,9.73,2.63,4.77,9.61,2.63,4.77,1,PNlPNa,PNl,PNa,9.67,2.63,4.77,63.48615123,124.9,NA,NA,0
16SPNlPNa,9.69,2.78,4.74,9.65,2.76,4.69,1,PNlPNa,PNl,PNa,9.67,2.77,4.715,66.0946546817,117.8,NA,NA,0
19SPNlNa,10.41,2.71,4.88,10.34,2.6,5,1,PNlNa,PNl,Na,10.375,2.655,4.94,71.212786125,140.8,NA,NA,0
20SPNlNa,10.76,2.75,5.24,10.59,3.14,5.28,1,PNlNa,PNl,Na,10.675,2.945,5.26,86.5400864417,159.2,NA,NA,0
21SPNlNa,9.93,2.35,4.83,9.89,2.22,4.76,1,PNlNa,PNl,Na,9.91,2.285,4.795,56.8233544842,124.6,NA,NA,0
22SPNlPNa,10.15,2.96,5.12,10.14,2.85,5.09,1,PNlPNa,PNl,PNa,10.145,2.905,5.105,78.7358158971,144.2,NA,NA,0
23SPNlPNa,9.94,2.69,4.89,10.08,2.85,4.88,1,PNlPNa,PNl,PNa,10.01,2.77,4.885,70.8854029217,133.8,NA,NA,0
24SPNlPNa,10.13,2.59,5.02,10.1,2.66,5,1,PNlPNa,PNl,PNa,10.115,2.625,5.01,69.6163610625,135.6,NA,NA,0
25SPNlPNa,10.35,3.09,4.8,10.43,3.03,4.8,1,PNlPNa,PNl,PNa,10.39,3.06,4.8,79.8650208,132.7,NA,NA,0
26SPNlPNa,9.79,2.37,4.61,9.93,2.27,4.68,1,PNlPNa,PNl,PNa,9.86,2.32,4.645,55.6069424267,122.5,NA,NA,0
27SPNlPNa,10.18,2.92,4.81,10.19,2.82,4.67,1,PNlPNa,PNl,PNa,10.185,2.87,4.74,72.51029457,133.2,NA,NA,0
28SPNlNa,10.48,2.48,4.98,10.5,2.57,5.02,1,PNlNa,PNl,Na,10.49,2.525,5,69.3083041667,136.9,NA,NA,0
29SPNlNa,9.55,3.02,4.9,9.57,3.3,4.88,1,PNlNa,PNl,Na,9.56,3.16,4.89,77.30938736,126.6,NA,NA,0
30SPNlNa,9.32,2.12,4.73,9.68,2.1,4.83,1,PNlNa,PNl,Na,9.5,2.11,4.78,50.1432356667,97.2,NA,NA,0
31SPNlNa,10.35,2.62,4.88,10.4,2.64,4.94,1,PNlNa,PNl,Na,10.375,2.63,4.91,70.1138384583,138.8,NA,NA,0
32SPNlPNa,9.93,2.65,4.73,9.97,2.43,4.69,1,PNlPNa,PNl,PNa,9.95,2.54,4.71,62.2954177,117.8,NA,NA,0
33SPNlPNa,10.49,2.74,5.24,10.5,2.63,5.16,1,PNlPNa,PNl,PNa,10.495,2.685,5.2,76.6846561,147.8,NA,NA,0
34SPNlPNa,10.62,2.53,5.13,10.7,2.56,5.2,1,PNlPNa,PNl,PNa,10.66,2.545,5.165,73.3320312617,148,NA,NA,0
35SPNlNa,10.15,2.82,5.03,10.1,2.74,4.87,1,PNlNa,PNl,Na,10.125,2.78,4.95,72.91609875,135.4,NA,NA,0
