individu,milieu,eggs,larves,oeufspaseclos,Mort,TreatLarve,TreatAdult,OLSresidueOLD,MSLOLD,VSLOLD,poids,moyLong,volume,moylargeur,moyepaiss,Days.laid,Days.alive,DaysNotLaid,DaysNotLaid.b,reproduction 1,reproduction 2,reproduction 3,reproduction 4,reproduction 5,reproduction 6,reproduction 7,reproduction 8,reproduction 1Bin,reproduction 2Bin,reproduction 3Bin,reproduction 4Bin,reproduction 5Bin,reproduction 6Bin,reproduction 7Bin,reproduction 8Bin,OLSresidue,MSL,VSL,DSL
1NlNa,NlNa,39,28,11,0,N,N,0.0959372471,128.4313622723,65.7581039895,124.8,9.47,63.3031817292,4.775,2.675,NA,NA,NA,NA,NA,NA,NA,NA,NA,NA,NA,NA,NA,NA,NA,NA,NA,NA,NA,NA,NA,NA,NA,NA
2NlNa,NlNa,88,75,13,0,N,N,-0.0034924101,116.9472658818,64.8691272368,110.3,9.375,60.02404375,4.565,2.68,NA,NA,NA,NA,NA,NA,NA,NA,NA,NA,NA,NA,NA,NA,NA,NA,NA,NA,NA,NA,NA,NA,NA,NA
4NlNa,NlNa,62,49,13,0,N,N,0.0216159453,117.4710570603,52.9660029706,123.3,9.72,56.48026644,4.745,2.34,NA,NA,NA,NA,NA,NA,NA,NA,NA,NA,NA,NA,NA,NA,NA,NA,NA,NA,NA,NA,NA,NA,NA,NA
5NlNa,NlNa,103,77,26,0,N,N,-0.1157022498,104.2802209836,52.2577607104,99.6,9.415,49.1695942792,4.475,2.23,NA,NA,NA,NA,NA,NA,NA,NA,NA,NA,NA,NA,NA,NA,NA,NA,NA,NA,NA,NA,NA,NA,NA,NA
6NlNa,NlNa,108,87,21,0,N,N,0.0142626296,117.0235247857,51.6138135971,120.6,9.66,53.71665824,4.64,2.29,NA,NA,NA,NA,NA,NA,NA,NA,NA,NA,NA,NA,NA,NA,NA,NA,NA,NA,NA,NA,NA,NA,NA,NA
7NlNa,NlNa,112,90,22,0,N,N,0.0066032273,117.2436474988,59.7257459235,115,9.5,58.214363625,4.565,2.565,NA,NA,NA,NA,NA,NA,NA,NA,NA,NA,NA,NA,NA,NA,NA,NA,NA,NA,NA,NA,NA,NA,NA,NA
8NlNa,NlNa,35,32,3,1,N,N,0.0247137902,120.2562402884,55.7578705301,113.6,9.38,51.70141095,4.53,2.325,NA,NA,NA,NA,NA,NA,NA,NA,NA,NA,NA,NA,NA,NA,NA,NA,NA,NA,NA,NA,NA,NA,NA,NA
10NlNa,NlNa,90,81,9,0,N,N,-0.0149862883,113.0830743531,57.2282788156,119.6,9.745,61.643819815,4.685,2.58,NA,NA,NA,NA,NA,NA,NA,NA,NA,NA,NA,NA,NA,NA,NA,NA,NA,NA,NA,NA,NA,NA,NA,NA
11NlNa,NlNa,46,35,11,0,N,N,-0.1306643245,100.2026235502,60.4406875776,108.9,9.835,67.4965100367,4.76,2.755,NA,NA,NA,NA,NA,NA,NA,NA,NA,NA,NA,NA,NA,NA,NA,NA,NA,NA,NA,NA,NA,NA,NA,NA
12NlNa,NlNa,134,124,10,0,N,N,-0.0006875808,111.2322144023,52.4824956139,138,10.285,69.861942425,5.09,2.55,NA,NA,NA,NA,NA,NA,NA,NA,NA,NA,NA,NA,NA,NA,NA,NA,NA,NA,NA,NA,NA,NA,NA,NA
13NlNa,NlNa,87,66,21,0,N,N,-4.82511799380948E-05,114.7849935323,58.6737458349,121.4,9.745,63.2008141967,4.73,2.62,NA,NA,NA,NA,NA,NA,NA,NA,NA,NA,NA,NA,NA,NA,NA,NA,NA,NA,NA,NA,NA,NA,NA,NA
14NlNa,NlNa,70,59,11,0,N,N,-0.0389713096,113.950660172,62.2751622809,102.3,9.22,53.973338325,4.575,2.445,NA,NA,NA,NA,NA,NA,NA,NA,NA,NA,NA,NA,NA,NA,NA,NA,NA,NA,NA,NA,NA,NA,NA,NA
15NlNa,NlNa,33,28,5,0,N,N,-0.0565554057,109.1519120727,60.3008073258,111.8,9.64,62.24905403,4.665,2.645,NA,NA,NA,NA,NA,NA,NA,NA,NA,NA,NA,NA,NA,NA,NA,NA,NA,NA,NA,NA,NA,NA,NA,NA
16NlNa,NlNa,0,0,0,1,N,N,0.0132949813,114.2000204247,59.3210920386,132.9,10.065,72.5390471575,5.11,2.695,NA,NA,NA,NA,NA,NA,NA,NA,NA,NA,NA,NA,NA,NA,NA,NA,NA,NA,NA,NA,NA,NA,NA,NA
17NlNa,NlNa,83,50,33,0,N,N,0.0331926307,112.6152449806,50.693336038,156.2,10.68,78.23971755,5.175,2.705,NA,NA,NA,NA,NA,NA,NA,NA,NA,NA,NA,NA,NA,NA,NA,NA,NA,NA,NA,NA,NA,NA,NA,NA
18NlNa,NlNa,57,43,14,0,N,N,-0.0999268349,107.1458436211,55.7498201377,96.5,9.23,48.5239313867,4.33,2.32,NA,NA,NA,NA,NA,NA,NA,NA,NA,NA,NA,NA,NA,NA,NA,NA,NA,NA,NA,NA,NA,NA,NA,NA
19NlPNa,NlPNa,83,66,17,0,N,PN,-0.1278831035,98.9394641018,47.660310995,116.5,10.105,59.1945316988,4.635,2.415,4,8,4,4,8,39,0,0,25,0,0,11,1,1,0,0,1,0,0,1,-0.128422883096914,98.7551951304094,47.5555421257141,2.27394913709936
20NlPNa,NlPNa,24,23,1,1,N,PN,-0.0208910178,113.3165334091,54.9890271458,115,9.61,56.0753230125,4.675,2.385,3,4,1,5,NA,NA,NA,NA,NA,NA,NA,NA,NA,NA,NA,NA,NA,NA,NA,NA,-0.021629864435012,113.105465262739,54.8547012654065,2.08081089150801
21NlPNa,NlPNa,0,0,0,1,N,PN,-0.0363569427,110.3046959685,55.3113197708,118.8,9.805,61.031997095,4.835,2.46,2,2,0,6,NA,NA,NA,NA,NA,NA,NA,NA,NA,NA,NA,NA,NA,NA,NA,NA,-0.037016171286968,110.099246644123,55.1816158162135,2.08034263189336
22NlPNa,NlPNa,71,63,8,0,N,PN,0.1291638479,130.8092143907,64.1411317035,137.3,9.72,68.39685846,4.685,2.87,3,8,5,5,18,18,22,0,10,3,0,0,1,1,1,0,1,1,0,0,0.128470110415492,130.565569584251,63.9880031505426,2.09762629072817
23NlPNa,NlPNa,54,45,9,0,N,PN,-0.0165557868,115.9601986793,62.2880250203,106.8,9.3,55.846756525,4.655,2.465,4,8,4,4,4,0,0,0,11,19,0,20,1,0,0,0,1,1,0,1,-0.017424593084025,115.744191149727,62.1259274797233,1.7825427973218
25NlPNa,NlPNa,65,42,23,0,N,PN,0.1490677084,127.1661928374,50.1027398122,171.3,10.575,74.386407675,5.14,2.615,1,8,7,7,24,17,9,0,1,2,1,11,1,1,1,0,1,1,1,1,0.148708115035528,126.929376314922,50.0036943008336,2.99280132831783
26NlNa,NlNa,87,77,10,0,N,N,0.1055729495,131.2249559658,56.5731958093,119.9,9.275,50.1897410292,4.765,2.17,4,8,4,4,46,0,15,25,0,0,0,1,1,0,1,1,0,0,0,1,0.104693474459566,130.980512247854,56.4252292661293,2.2112947034543
27NlNa,NlNa,50,30,20,0,N,N,0.1722986911,140.0642849216,60.3095266461,129,9.3,54.0728567,4.82,2.305,6,8,2,2,42,0,0,0,0,0,8,0,1,0,0,0,0,0,1,0,0.171429884751552,139.803376950513,60.1525779292457,2.22370444536014
28NlNa,NlNa,130,92,38,0,N,N,0.1097698814,122.4974671342,45.3727660162,163.4,10.54,66.4929215533,5.065,2.38,2,8,6,6,36,15,16,0,0,37,21,5,1,1,1,0,0,1,1,1,0.109397148569132,122.269343371717,45.2823383627683,3.16640227033907
29NlNa,NlNa,155,124,31,0,N,N,0.1457436828,134.5443287767,49.8762211076,133,9.525,49.118231075,4.67,2.11,1,8,7,7,41,17,5,28,0,18,33,13,1,1,1,1,0,1,1,1,0.144969624007356,134.293716072449,49.7522275860406,2.68493529757018
30NlNa,NlNa,0,0,0,1,N,N,0.0500852203,123.8371772572,49.7255051906,114.6,9.315,44.8662913313,4.545,2.025,5,5,0,3,NA,NA,NA,NA,NA,NA,NA,NA,NA,NA,NA,NA,NA,NA,NA,NA,0.049222801466883,123.606497501289,49.5964902493758,2.39079190340903
31NlNa,NlNa,136,114,22,0,N,N,0.2010667097,146.4131099425,65.6118205315,124.4,9.05,52.8589353167,4.79,2.33,1,8,7,7,38,17,0,19,9,4,40,9,1,1,0,1,1,1,1,1,0.200089901693253,146.140359622353,65.4323715297018,2.04434048942112
32NlNa,NlNa,8,7,1,0,N,N,-0.0406767619,109.8932510159,50.2525294829,118,9.795,55.2283190025,4.965,2.17,7,8,1,1,0,0,0,0,0,8,0,0,0,0,0,0,0,1,0,0,-0.041340034853225,109.688567585498,50.1344386484998,2.27745469981919
33NlNa,NlNa,40,1,39,0,N,N,0.1311893951,134.0120769441,56.2922382962,125.4,9.35,51.5446176667,4.6,2.29,1,8,7,7,8,7,6,12,2,1,0,4,1,1,1,1,1,1,0,1,0.130341840362514,133.762445731581,56.1472132585539,2.29935014435354
34NlNa,NlNa,77,64,13,0,N,N,0.0479395288,117.1002441895,46.0563474908,143.2,10.235,60.14607985,4.925,2.28,1,8,7,7,40,0,3,7,6,1,2,18,1,0,1,1,1,1,1,1,0.04745041296602,116.88215780258,45.9579713085234,2.84337314603572
35NlNa,NlNa,110,84,26,0,N,N,0.1587069577,129.984675736,54.7930389425,164.3,10.35,74.7639495,5.16,2.675,2,8,6,6,2,0,45,14,17,20,12,0,1,0,1,1,1,1,1,0,0.158262126314664,129.742599304274,54.678982549579,2.70144963455011
36NlNa,NlNa,120,72,48,0,N,N,0.1157552499,135.5993032327,75.2904588195,110.2,8.915,57.1811554563,5.075,2.415,1,8,7,7,32,14,27,14,6,18,9,0,1,1,1,1,1,1,1,0,0.11471887371481,135.346689619614,75.0790318447286,1.61025271161627
37NlNa,NlNa,86,47,39,0,N,N,0.0580105225,124.5174321364,55.6547041912,116.7,9.355,51.06791595,4.575,2.28,2,8,6,6,22,6,0,32,8,6,0,12,1,1,0,1,1,1,0,1,0.057165086730944,124.285487354617,55.5114664540781,2.16278957634537
38NlNa,NlNa,28,15,13,0,N,N,0.0603230429,115.8673441943,43.3725916028,159.6,10.655,66.32790775,4.875,2.44,5,8,3,3,0,0,0,8,13,7,0,0,0,0,0,1,1,1,0,0,0.059993320036751,115.651572552822,43.2884426225893,3.18873275676171
39NlNa,NlNa,83,74,9,1,N,N,0.1923736419,143.300898485,58.8793318225,130.1,9.255,51.79488561,4.68,2.285,0,5,5,8,NA,NA,NA,NA,NA,NA,NA,NA,NA,NA,NA,NA,NA,NA,NA,NA,0.191485611193694,143.033958662337,58.7247149826476,2.31210484651353
40NlNa,NlNa,82,62,20,0,N,N,-0.0314248148,111.5009653519,48.3164500176,116.5,9.705,51.2107989025,4.79,2.105,2,8,6,6,4,26,23,0,1,1,0,27,1,1,1,0,1,1,0,1,-0.03212467331296,111.293283338204,48.2007375474027,2.36767969269973
41NlNa,NlNa,62,44,18,0,N,N,0.1362655637,131.8965548069,59.5062854224,137.6,9.7,62.9434875333,5.02,2.47,4,8,4,4,0,0,28,0,10,0,17,7,0,0,1,0,1,0,1,1,0.135563662697444,131.650883639167,59.3636252648308,2.27220349619874
42NlNa,NlNa,52,29,23,0,N,N,0.1980646072,144.3415509922,59.4030327644,130,9.23,51.7036410042,4.705,2.275,3,8,5,5,2,17,4,0,14,0,15,0,1,1,1,0,1,0,1,0,0.197165855913093,144.072671091146,59.2462586433001,2.29826622713812
43NlNa,NlNa,144,94,50,0,N,N,0.1231125467,129.4505245018,53.3374439766,139,9.795,58.6186884725,4.745,2.41,0,8,8,8,41,20,23,9,3,16,7,25,1,1,1,1,1,1,1,1,0.122449273811802,129.209414359188,53.2121037532764,2.52759953966638
44NlNa,NlNa,32,18,14,0,N,N,-0.1090933659,103.3511952941,47.8895485997,107,9.675,50.1451621875,4.75,2.085,3,8,5,5,0,3,0,1,0,12,2,14,0,1,0,1,0,1,1,1,-0.109805495088224,103.158691787637,47.774136710942,2.20310366043345
45NlNa,NlNa,112,97,15,0,N,N,0.0732458359,125.5498894008,54.6034548398,122,9.47,52.5649648533,4.735,2.24,1,8,7,7,16,18,17,15,13,0,3,30,1,1,1,1,1,0,1,1,0.072448824922578,125.316027534263,54.4661700633224,2.26715940920348
46NlPNa,NlPNa,70,49,21,0,N,PN,0.0758509089,120.8197287358,48.7049744281,145.2,10.175,62.1537585625,4.925,2.37,5,8,3,3,12,51,7,0,0,0,0,0,1,1,1,0,0,0,0,0,0.07533849020875,120.594712379891,48.5995463574785,2.74784156034195
47NlPNa,NlPNa,22,8,14,0,N,PN,-0.0606826782,101.3375287411,44.364429547,149.3,10.9,74.1777245833,5.15,2.525,2,8,6,6,9,3,0,1,1,0,2,6,1,1,0,1,1,0,1,1,-0.060922298702403,101.148824155446,44.2832687578957,2.82884603299209
48NlPNa,NlPNa,75,45,30,0,N,PN,-0.0710095421,106.8281058526,50.3429972994,113.5,9.76,54.5556997333,4.855,2.2,3,8,5,5,0,3,4,41,19,0,8,0,0,1,1,1,1,0,1,0,-0.071687002655945,106.629129930492,50.2238165187938,2.19716919257467
49NlPNa,NlPNa,51,43,8,0,N,PN,-0.1172332403,101.0305524777,48.9824488252,112.8,9.925,56.6921210625,4.725,2.31,5,8,3,3,12,0,3,0,36,0,0,0,1,0,1,0,1,0,0,0,-0.117844256428995,100.842381726384,48.8704869235337,2.1944680553547
50NlPNa,NlPNa,21,16,5,0,N,PN,-0.1187835038,99.3952336958,46.9328407741,119.8,10.185,60.1236922388,4.915,2.295,3,8,5,5,6,3,1,0,0,0,2,9,1,1,1,0,0,0,1,1,-0.119292029156327,99.2101190095341,46.8314732038925,2.34967227897278
51NlPNa,NlPNa,32,18,14,0,N,PN,-0.065234742,110.045651716,49.7483636187,103.3,9.36,45.74419824,4.405,2.12,4,8,4,4,0,0,0,6,6,0,16,4,0,0,0,1,1,0,1,1,-0.066078060068642,109.84066447046,49.6204563349257,2.14020895665364
52NlPNa,NlPNa,90,72,18,0,N,PN,0.0587027516,125.0623844597,54.6069870877,115,9.295,48.8567717138,4.555,2.205,2,8,6,6,17,1,25,12,3,32,0,0,1,1,1,1,1,1,0,0,0.057831813845506,124.829421355503,54.4647356534668,2.1909654967566
53NlPNa,NlPNa,24,8,16,0,N,PN,0.0406168883,121.8873950538,49.4810920767,116.6,9.42,46.65414826,4.685,2.02,4,8,4,4,18,1,0,0,2,0,0,3,1,1,0,0,1,0,0,1,0.039798895714778,121.660352741802,49.3554109577835,2.40812596806332
54NlPNa,NlPNa,81,63,18,0,N,PN,0.0824967695,123.0121411016,43.864156345,139.4,9.975,51.77965975,4.55,2.18,2,8,6,6,34,23,0,2,2,15,0,5,1,1,0,1,1,1,0,1,0.081905670023997,122.783031816374,43.7649668270586,3.00810001216702
55NlPNa,NlPNa,33,29,4,0,N,PN,-0.1611495675,95.2188221183,45.444426152,115.1,10.195,58.44165488,4.89,2.24,6,8,2,2,24,0,0,0,0,9,0,0,1,0,0,0,0,1,0,0,-0.161654203332762,95.041485996185,45.3464904889754,2.32836736673002
56NlPNa,NlPNa,61,59,2,0,N,PN,-0.1616578548,103.0465909641,50.8690211074,82.5,8.87,37.8738060333,4.1,1.99,4,8,4,4,13,16,0,0,24,8,0,0,1,1,0,0,1,1,0,0,-0.16271428766239,102.854619078186,50.7249205558449,1.79636617026718
57NlPNa,NlPNa,75,68,7,0,N,PN,0.0948635567,126.9213278732,48.9933945542,130.4,9.65,50.7825821875,4.325,2.325,3,8,5,5,32,9,6,20,8,0,0,0,1,1,1,1,1,0,0,0,0.094141172832146,126.684920968614,48.874705338334,2.63351688257732
58NlPNa,NlPNa,3,1,2,0,N,PN,0.0935973492,128.4802286429,53.1493214744,123.1,9.425,50.2173040146,4.535,2.245,7,8,1,1,0,0,3,0,0,0,0,0,0,0,1,0,0,0,0,0,0.092781459781706,128.240905988036,53.0144604043146,2.36522120052762
59NlPNa,NlPNa,56,41,15,0,N,PN,0.0361883556,120.1513405164,45.1795268636,121,9.585,45.603324495,4.58,1.985,2,8,6,6,21,9,10,12,3,0,1,0,1,1,1,1,1,0,1,0,0.035439184890054,119.927540320893,45.0685904890918,2.67404576555231
60NlPNa,NlPNa,10,7,3,0,N,PN,0.0046894572,121.735488457,54.1000197806,97.3,8.865,40.1903410988,4.645,1.865,6,8,2,2,2,0,0,0,8,0,0,0,1,0,0,0,1,0,0,0,0.003630789567552,121.5086995907,53.9466180858318,1.99359766301976
61NlPNa,NlPNa,5,5,0,1,N,PN,-0.0873533367,101.3802755882,35.2634898475,129.8,10.395,48.9427698375,4.85,1.855,5,6,1,3,NA,NA,NA,NA,NA,NA,NA,NA,NA,NA,NA,NA,NA,NA,NA,NA,-0.0877809732068,101.191472200647,35.1908309093843,3.29694694799283
62NlPNa,NlPNa,33,26,7,0,N,PN,0.0758162945,129.1360224051,61.0010955989,109.9,9.055,49.2510637052,4.475,2.3225,3,8,5,5,16,0,7,8,0,1,0,1,1,0,1,1,0,1,0,1,0.074841675660261,128.89545754187,60.8344209470984,1.9411267502658
63NlPNa,NlPNa,70,49,21,1,N,PN,0.1760391807,144.8153624006,62.6652904762,114.4,8.83,45.8360296333,4.55,2.18,2,7,5,6,NA,NA,NA,NA,NA,NA,NA,NA,NA,NA,NA,NA,NA,NA,NA,NA,0.174964834081426,144.545574266331,62.4863954842517,2.03432743499354
64NlPNa,NlPNa,121,78,43,0,N,PN,0.0498593511,120.7297670538,46.1692329159,127.3,9.735,49.5314609625,4.47,2.175,3,8,5,5,28,25,25,24,0,0,19,0,1,1,1,1,0,0,1,0,0.049171725280092,120.504896935595,46.059356518355,2.69633273961437
65NlPNa,NlPNa,107,85,22,0,N,PN,0.1221160939,117.7916493959,37.8717402396,205.2,11.535,79.0840388225,5.47,2.395,1,8,7,7,25,10,7,22,19,0,16,8,1,1,1,1,1,0,1,1,0.122100894287553,117.57233157616,37.8129042954325,4.22209968099662
66NlPNa,NlPNa,29,26,3,0,N,PN,0.1245871213,130.595996798,52.1860525236,135,9.67,54.5332582842,4.865,2.215,7,8,1,1,0,0,29,0,0,0,0,0,0,0,1,0,0,0,0,0,0.123872943261473,130.352746440872,52.0601549115467,2.55253518804491
67NlPNa,NlPNa,47,40,7,0,N,PN,0.0636769388,119.6265978593,52.3413783835,142.1,10.135,65.7693933333,5,2.48,4,8,4,4,11,9,22,0,0,5,0,0,1,1,1,0,0,1,0,0,0.063148908473159,119.403801725806,52.2270749347355,2.51557479902212
68NlPNa,NlPNa,52,43,9,0,N,PN,0.0107887619,112.0193100474,48.2407465049,142.2,10.365,66.1987674,5.085,2.4,3,8,5,5,2,17,0,12,0,1,20,0,1,1,0,1,0,1,1,0,0.01034967044575,111.810691989018,48.1406694940828,2.65050327705487
69NlPNa,NlPNa,38,26,12,0,N,PN,-0.0022854213,116.0318384263,60.2086170691,114.7,9.525,59.29360125,4.575,2.6,6,8,2,2,10,0,28,0,0,0,0,0,1,0,1,0,0,0,0,0,-0.003059480079072,115.815708522631,60.0589369613398,1.91814083393176
70NlPNa,NlPNa,62,60,2,0,N,PN,0.1776735577,139.327805254,63.7978035735,135.6,9.475,61.5434570417,4.82,2.575,4,8,4,4,15,33,0,0,3,11,0,0,1,1,0,0,1,1,0,0,0.176878638742769,139.068279547533,63.6375661558777,2.15520927608724
71NlPNa,NlPNa,120,88,32,0,N,PN,0.1975396925,149.4176255465,78.3862679883,112.2,8.68,53.60552736,4.47,2.64,5,8,3,3,52,31,0,37,0,0,0,0,1,1,0,1,0,0,0,0,0.196397438762631,149.1392532666,78.1559582124039,1.63205715214318
72NlPNa,NlPNa,164,111,53,0,N,PN,0.1742118683,138.2225256276,55.4728271401,137.7,9.55,55.194821875,4.75,2.325,1,8,7,7,50,4,38,19,8,13,0,32,1,1,1,1,1,1,0,1,0.173448198566159,137.965063075014,55.3356281457131,2.49060871254141
73NlPNa,NlPNa,126,92,34,0,N,PN,0.2377197698,155.5434818523,72.9221855492,116.8,8.68,49.86883944,4.815,2.28,0,8,8,8,31,9,20,9,6,35,11,5,1,1,1,1,1,1,1,1,0.236577516068161,155.25369680516,72.7079300087632,1.82627283998201
74NlPNa,NlPNa,86,57,29,0,N,PN,0.0656306302,122.5411245972,55.1034991561,129.8,9.75,59.47474,4.96,2.35,2,8,6,6,34,0,15,13,0,16,1,7,1,0,1,1,0,1,1,1,0.064949106692181,122.312881414958,54.9727734711044,2.29878405820109
75NlPNa,NlPNa,103,82,21,0,N,PN,0.0610581067,126.6858075019,63.7006741978,110.3,9.125,53.0091545521,4.795,2.315,2,8,6,6,29,13,16,0,21,0,16,8,1,1,1,0,1,0,1,1,0.06011400930934,126.449810989159,63.5290108077649,1.84649625877482
76NlPNa,NlPNa,80,69,11,0,N,PN,0.00989993,121.4353578095,57.8691953716,101,8.985,45.3204972375,4.525,2.13,4,8,4,4,0,22,0,29,14,0,15,0,0,1,0,1,1,0,1,0,0.008894552762307,121.209134594769,57.7088925142385,1.90011286888331
77NlPNa,NlPNa,59,47,12,0,N,PN,0.0426255001,120.10638312,51.3417719748,125.3,9.7,54.30737545,4.885,2.19,5,8,3,3,0,27,0,18,0,14,0,0,0,1,0,1,0,1,0,0,0.041923599100223,119.882672383631,51.2186853902032,2.39812517563974
78NlPNa,NlPNa,99,74,25,0,N,PN,0.0896188637,126.7079439879,57.6351249735,127.8,9.59,58.29498234,4.86,2.39,3,8,5,5,41,13,0,16,0,0,10,19,1,1,0,1,0,0,1,1,0.0888717599247,126.471931382374,57.4937507431009,2.21240981123798
79NlPNa,NlPNa,54,44,10,0,N,PN,0.0703596471,123.3751286272,51.2602110759,129.3,9.715,54.5509992842,4.855,2.21,3,8,5,5,37,0,0,10,2,0,3,2,1,0,0,1,1,0,1,1,0.069663870331862,123.145330270611,51.1377056346415,2.47349741207588
80NlPNa,NlPNa,130,104,26,0,N,PN,0.1825810244,141.992097855,60.3967080602,128.5,9.245,52.9046896958,4.775,2.29,1,8,7,7,17,48,8,0,32,10,12,3,1,1,1,0,1,1,1,1,0.181688708977023,141.727595443296,60.2377887969716,2.22952039782409
81NlPNa,NlPNa,124,83,41,0,N,PN,0.0431964279,124.2100187944,57.0434144597,109.2,9.155,48.0848446458,4.625,2.17,3,8,5,5,0,44,16,27,11,0,0,26,0,1,1,1,1,0,0,1,0.04226533962431,123.978635929605,56.8906025790585,2.03247826832198
82NlPNa,NlPNa,94,76,18,0,N,PN,0.0356186041,119.0226690122,52.8914276424,125.5,9.735,56.74319277,4.885,2.28,6,8,2,2,0,46,0,0,48,0,0,0,0,1,0,0,1,0,0,0,0.03493097828857,118.800978518595,52.7655533472328,2.32036430852323
83NlNa,NlNa,13,7,6,0,N,N,0.0111011812,112.2709848116,47.1495742739,141.1,10.33,63.8479566833,5.135,2.3,7,8,1,1,0,13,0,0,0,0,0,0,0,1,0,0,0,0,0,0,0.010648683641151,112.061896533028,47.0509842884947,2.70307696799064
84NlNa,NlNa,144,75,69,0,N,N,-0.045715522,104.3218054076,38.6803649588,142.9,10.635,58.7176075,5,2.11,2,8,6,6,48,27,37,1,0,15,16,0,1,1,1,1,0,1,1,0,-0.046052691479171,104.127533431978,38.6049656077206,3.20947894385983
85NlNa,NlNa,145,100,45,0,N,N,0.0473029949,121.5304387998,56.609833739,122.2,9.58,57.0239281333,4.84,2.35,0,8,8,8,40,12,24,10,3,24,17,15,1,1,1,1,1,1,1,1,0.046551756140855,121.304069570222,56.4706869577738,2.15678975308103
86NlNa,NlNa,137,118,19,0,N,N,0.1907152088,139.2773939931,57.4954515501,145.3,9.7,60.8165038667,4.91,2.44,2,8,6,6,34,0,14,10,28,21,0,30,1,0,1,1,1,1,0,1,0.190013307774438,139.017975238161,57.3576121524868,2.48326893741487
87NlNa,NlNa,139,110,29,0,N,N,0.0995145515,133.6290048878,49.859816068,107.7,8.89,37.4520883333,4.6,1.75,0,8,8,8,26,16,16,24,18,15,12,12,1,1,1,1,1,1,1,1,0.098467045232098,133.380060327725,49.7191208282,2.38533827221578
88NlNa,NlNa,82,71,11,0,N,N,0.1004538277,132.5662856966,53.9876069085,111.9,9.03,43.117995655,4.585,1.99,3,8,5,5,0,15,22,17,0,0,21,7,0,1,1,1,0,0,1,1,0.099468251051904,132.319329202519,53.8393689692533,2.24149166143007
89NlNa,NlNa,42,35,7,0,N,N,-0.0157207089,121.4824686064,54.1546662329,88.3,8.585,35.468541175,4.155,1.9,4,8,4,4,16,5,4,0,0,0,0,17,1,1,1,0,0,0,0,1,-0.016906580150044,121.256135540478,53.9926525412991,1.88670988593598
90NlNa,NlNa,198,160,38,0,N,N,0.1154690651,129.1058961193,51.2106783866,135.1,9.71,54.3882621117,4.715,2.27,0,8,8,8,44,20,29,35,12,12,24,22,1,1,1,1,1,1,1,1,0.11477124798325,128.865423377178,51.0881629746932,2.58873399323392
91NlNa,NlNa,35,27,8,0,N,N,0.0212776382,118.9768144618,43.7388701037,116.7,9.5,42.6320416667,4.375,1.96,6,8,2,2,23,0,0,0,12,0,0,0,1,0,0,0,1,0,0,0,0.020493163025959,118.755197768943,43.6295746267059,2.69591930308607
92NlNa,NlNa,127,99,28,0,N,N,0.0977000904,132.9177402117,63.922061619,109.1,8.945,49.1916290983,4.51,2.33,0,8,8,8,26,25,15,19,15,11,9,7,1,1,1,1,1,1,1,1,0.096677029227378,132.670123977323,63.7436038381251,1.86927556838214
93NlNa,NlNa,105,72,33,0,N,N,-0.0243630662,113.3284178893,54.7125951136,112.9,9.55,54.4383998,4.695,2.32,1,8,7,7,29,13,2,21,0,22,10,8,1,1,1,1,0,1,1,1,-0.025126736012834,113.11732477247,54.5772763793426,2.07042017058197
94NlNa,NlNa,66,50,16,0,N,N,0.0337204391,122.202151007,51.886685263,111.3,9.265,45.83751276,4.68,2.02,4,8,4,4,26,18,21,0,0,1,0,0,1,1,1,0,0,1,0,0,0.032836688553361,121.974514297406,51.7507038034504,2.24132340599526
95NlNa,NlNa,75,55,20,0,N,N,-0.1155508229,106.7453431199,54.0150755137,90.4,9.04,43.32777984,4.32,2.12,3,8,5,5,16,0,25,0,22,2,10,0,1,0,1,0,1,1,1,0,-0.116532012811628,106.546488690085,53.8670531049698,1.80722037926513
96NlNa,NlNa,191,137,54,0,N,N,0.0113040879,114.6904334603,49.3296287766,129.2,9.955,57.7744132533,4.78,2.32,0,8,8,8,34,30,30,30,16,18,12,21,1,1,1,1,1,1,1,1,0.010705033717739,114.476822380558,49.2175981973399,2.48576881462213
98NlNa,NlNa,140,79,61,0,N,N,0.0907039624,131.6551651499,53.2781461387,109.5,8.985,41.72499824,4.72,1.88,0,8,8,8,20,17,28,15,22,18,4,16,1,1,1,1,1,1,1,1,0.089698585177603,131.409903347794,53.1305609020669,2.2375383304167
99NlNa,NlNa,31,15,16,0,N,N,-0.1373565055,104.5419864849,49.3149159692,88.1,9.025,39.3005402625,4.51,1.845,5,8,3,3,15,0,0,0,9,7,0,0,1,0,0,0,1,1,0,0,-0.138344277254188,104.347235964647,49.1793752821232,1.93339556982377
100NlNa,NlNa,88,55,33,0,N,N,-0.0174859578,115.5687640656,40.4861989965,107.8,9.34,36.9162386983,4.765,1.585,3,8,5,5,2,32,22,19,13,0,0,0,1,1,1,1,1,0,0,0,-0.0183377537174,115.353487670181,40.3816839990173,2.75226310110482
101NlNa,NlNa,90,75,15,0,N,N,-0.0353307314,113.4207629486,43.8198762,106.3,9.355,40.2084565438,4.525,1.815,3,8,5,5,0,40,16,8,10,16,0,0,0,1,1,1,1,1,0,0,-0.036176167213665,113.20948848154,43.7070975989458,2.50211581983566
102NlNa,NlNa,153,126,27,0,N,N,-0.1113203161,109.6788275122,44.2282641966,82.5,8.685,30.3145596975,4.03,1.655,0,8,8,8,28,9,22,17,18,16,22,21,1,1,1,1,1,1,1,1,-0.112460287404969,109.474490791688,44.0984393185194,2.1252095706578
103NlNa,NlNa,101,44,57,0,N,N,-0.0659909501,111.8864395486,44.0156951942,96,9.08,35.924112,4.32,1.75,0,8,8,8,16,18,15,15,10,9,9,9,1,1,1,1,1,1,1,1,-0.066954641433839,111.678009813225,43.8960207361478,2.34128700847797
104NlNa,NlNa,136,64,72,0,N,N,-0.0859321141,113.5480115092,50.1544894742,81.4,8.545,32.2518933825,4.23,1.705,0,8,8,8,35,13,19,17,14,12,13,13,1,1,1,1,1,1,1,1,-0.087136495217019,113.336458952835,50.0033034498527,1.88977421127464
105NlNa,NlNa,140,83,57,0,N,N,-0.115441497,109.1201573784,43.9774994268,82.5,8.7,30.3475662,4.14,1.61,0,8,8,8,43,14,23,20,15,4,11,10,1,1,1,1,1,1,1,1,-0.116574628912235,108.916862237942,43.8487798829268,2.13239634052096
106NlNa,NlNa,60,58,2,0,N,N,-0.0113796733,117.612783364,43.1600320841,103.4,9.155,36.38182352,4.52,1.68,5,8,3,3,28,14,0,18,0,0,0,0,1,1,0,1,0,0,0,0,-0.012310761612166,117.393690065212,43.0444119810325,2.54359267418647
107NlNa,NlNa,90,43,47,0,N,N,0.0607778304,121.6276151074,43.901262378,130.6,9.795,48.2481767175,4.79,1.965,0,8,8,8,34,12,5,15,13,5,3,3,1,1,1,1,1,1,1,1,0.060114557523441,121.401075649712,43.7980966872446,2.8853057118532
108NlNa,NlNa,131,33,98,0,N,N,-0.0188239649,119.0983951264,48.7435007227,94.4,8.84,35.81181461,4.265,1.815,0,8,8,8,15,14,21,19,17,2,22,21,1,1,1,1,1,1,1,1,-0.019893825438171,118.876517727906,48.6046177013278,2.15486047280669
109NlNa,NlNa,51,24,27,0,N,N,0.012619604,127.6273173849,52.56971695,83.2,8.275,29.801775325,4.06,1.695,3,8,5,5,0,0,0,15,10,7,7,12,0,0,0,1,1,1,1,1,0.011287967941595,127.389517157505,52.4030390694108,1.92375051482395
110NlNa,NlNa,163,110,53,0,N,N,0.0853972557,127.8576396765,47.7317093201,120.4,9.37,44.0742241725,4.645,1.935,0,8,8,8,24,30,31,20,2,17,20,19,1,1,1,1,1,1,1,1,0.084558169784217,127.619473742718,47.6092351150457,2.59617153098532
111NlNa,NlNa,115,66,49,0,N,N,0.0461054862,122.7443740807,50.4885436555,116.5,9.395,47.1100124133,4.64,2.065,1,8,7,7,19,26,23,9,18,10,10,0,1,1,1,1,1,1,1,0,0.04527696101451,122.515734152855,50.3596505429974,2.36645324613708
112NlNa,NlNa,60,43,17,0,N,N,-0.0318438931,116.6932087173,51.2615506424,96.1,8.955,39.62206017,4.62,1.83,2,8,6,6,10,17,4,0,15,11,3,0,1,1,1,0,1,1,1,0,-0.032862525914565,116.475818144155,51.1187172361222,2.0501302054559
113NlNa,NlNa,97,35,62,0,N,N,-0.0814767316,107.1654169991,44.2282732787,106.1,9.53,43.64594191,4.705,1.86,3,8,5,5,26,26,0,1,0,23,21,0,1,1,0,1,0,1,1,0,-0.082248710426805,106.965802604436,44.1184336874717,2.41371523872831
114NlNa,NlNa,142,92,50,0,N,N,0.0417500784,124.0692009184,44.5876616818,108.9,9.15,37.504729125,4.425,1.77,1,8,7,7,18,30,0,26,16,6,25,21,1,1,0,1,1,1,1,1,0.040816824892741,123.838080103537,44.4680985897013,2.59501313703904
115NlNa,NlNa,102,43,59,0,N,N,-0.1847409358,99.2337187516,57.9951845576,85.7,9.1,47.7442966,4.34,2.31,0,8,8,8,35,7,5,11,10,12,12,10,1,1,1,1,1,1,1,1,-0.18569590668992,99.048860244271,57.8381222165258,1.58161498001302
116NlNa,NlNa,93,47,46,0,N,N,-0.0037161543,125.2140481789,49.3313219005,82.8,8.315,28.5003671963,4.185,1.565,1,8,7,7,0,24,10,7,6,21,19,6,0,1,1,1,1,1,1,1,-0.005028678021848,124.980746860122,49.1760689099787,2.02705367711752
117NlNa,NlNa,59,36,23,0,N,N,0.0105597626,119.0014508354,46.5051607676,110.3,9.32,42.04912788,4.635,1.86,4,8,4,4,0,34,0,0,8,11,6,0,0,1,0,0,1,1,1,0,0.009699470604795,118.779779163979,46.3846226143218,2.4586615912953
118NlNa,NlNa,37,29,8,0,N,N,0.0964472452,131.9944747555,49.9427126618,111.6,9.035,39.9742529713,4.485,1.885,5,8,3,3,21,9,7,0,0,0,0,0,1,1,1,0,0,0,0,0,0.09546386261304,131.748583774424,49.8057156510508,2.41474554351798
119NlNa,NlNa,105,62,43,0,N,N,0.0219453429,116.3854957626,50.101006252,128.4,9.885,57.0747173063,4.725,2.335,2,8,6,6,3,39,12,9,23,19,0,0,1,1,1,1,1,1,0,0,0.021318320960705,116.168724348176,49.9855025098792,2.45542657107819
120NlNa,NlNa,66,36,30,0,N,N,-0.0435931038,119.4194314871,49.2289152465,82.1,8.425,29.9470451354,4.055,1.675,4,8,4,4,21,12,16,17,0,0,0,0,1,1,1,1,0,0,0,0,-0.044853538874121,119.196933080167,49.0771319915869,1.97897451947732
121NlNa,NlNa,88,15,73,0,N,N,-0.03645526,108.6883940277,49.902130662,126.3,10.06,60.9024352,4.82,2.4,2,8,6,6,15,0,10,0,21,20,7,15,1,0,1,0,1,1,1,1,-0.037012729063515,108.485966307076,49.7913492482083,2.36859409123723
122NlPNa,NlPNa,37,27,10,0,N,PN,0.0090826846,120.0816692084,47.9706254411,105.4,9.15,40.35029525,4.435,1.9,5,8,3,3,22,0,0,13,2,0,0,0,1,0,0,1,1,0,0,0,0.008149431061088,119.857976518942,47.8419908412165,2.33448779736464
123NlPNa,NlPNa,110,64,46,0,N,PN,0.0339769984,115.7351278397,46.2939991095,139.9,10.195,59.5342080021,5.015,2.225,4,8,4,4,8,55,29,18,0,0,0,0,1,1,1,1,0,0,0,0,0.033472362610837,115.519582023165,46.1942325637291,2.77811244163244
124NlPNa,NlPNa,165,39,126,0,N,PN,0.0307013535,121.4598492471,53.9149848631,112.4,9.315,48.6463718925,4.685,2.13,0,8,8,8,25,6,14,17,33,23,24,23,1,1,1,1,1,1,1,1,0.029838934645835,121.233597898297,53.775100139617,2.16268459354372
125NlPNa,NlPNa,201,94,107,0,N,PN,0.1042178149,128.1900362714,49.7539663482,131.3,9.64,51.36145728,4.545,2.24,0,8,8,8,34,32,15,14,32,28,23,23,1,1,1,1,1,1,1,1,0.103491321781983,127.951265707577,49.6331834818041,2.61478397828068
126NlPNa,NlPNa,38,21,17,0,N,PN,-0.149552277,101.5194623269,46.8423297121,93.5,9.3,41.9983164,4.59,1.88,4,8,4,4,0,6,13,0,13,6,0,0,0,1,1,0,1,1,0,0,-0.150421083315478,101.330354611419,46.7204278509686,2.07513520337652
127NlPNa,NlPNa,0,0,0,1,N,PN,-0.0158257936,121.1075616521,51.2978585369,89.4,8.63,34.29412701,4.29,1.77,3,3,0,5,NA,NA,NA,NA,NA,NA,NA,NA,NA,NA,NA,NA,NA,NA,NA,NA,-0.016990944111651,120.881929600286,51.1456963684534,2.00253109223683
128NlPNa,NlPNa,0,0,0,1,N,PN,0.018762376,120.9855794824,39.3767791446,107.4,9.185,33.6217598567,4.265,1.64,3,3,0,5,NA,NA,NA,NA,NA,NA,NA,NA,NA,NA,NA,NA,NA,NA,NA,NA,0.017844254118804,120.760204798702,39.2719208552769,2.88317469066544
129NlPNa,NlPNa,43,21,22,0,N,PN,-0.0335533631,114.0058133083,45.1018645571,105,9.3,40.437834525,4.455,1.865,4,8,4,4,19,6,9,0,9,0,0,0,1,1,1,0,1,0,0,0,-0.034422169452597,113.793446355069,44.9844920539403,2.42029373420203
130NlPNa,NlPNa,120,53,67,0,N,PN,0.1546119964,137.1043114797,47.2746895513,128.7,9.36,43.4696262,4.61,1.925,3,8,5,5,23,1,0,0,0,37,49,10,1,1,0,0,0,1,1,1,0.153768678407847,136.848920787495,47.1531422943712,2.80597965007239
131NlPNa,NlPNa,40,29,11,0,N,PN,0.1303926741,131.0085472584,49.5568005708,137.3,9.715,52.7382337167,4.715,2.2,4,8,4,4,0,27,1,11,1,0,0,0,0,1,1,1,1,0,0,0,0.129696897327976,130.764530906071,49.4383660589817,2.71681835506039
132NlPNa,NlPNa,92,58,34,0,N,PN,0.0268914644,119.5388492991,51.6052040088,117.8,9.515,50.6118074,4.62,2.2,2,8,6,6,39,22,11,5,11,4,0,0,1,1,1,1,1,1,0,0,0.026113242350819,119.316186463594,51.4766483255976,2.30164415863678
133NlPNa,NlPNa,47,32,15,0,N,PN,-0.0819329989,108.7886624103,53.1697928835,99.4,9.275,47.1703621667,4.3,2.26,4,8,4,4,34,1,6,0,6,0,0,0,1,1,1,0,1,0,0,0,-0.082812473911374,108.586012655852,53.0307278986338,1.95056115498431
134NlPNa,NlPNa,5,2,3,1,N,PN,0.0307278413,123.9123823397,46.974110551,103.4,8.995,36.9489578908,4.385,1.79,2,3,1,6,NA,NA,NA,NA,NA,NA,NA,NA,NA,NA,NA,NA,NA,NA,NA,NA,0.029726872792206,123.681545200057,46.8442423403387,2.39287920807108
135NlPNa,NlPNa,54,44,10,0,N,PN,-0.0297218947,109.8285432085,36.3656787671,125.2,9.995,43.2669190517,4.57,1.81,3,8,5,5,0,11,13,0,0,2,26,2,0,1,1,0,0,1,1,1,-0.030305055382956,109.623989163937,36.2838001329102,3.25003064447809
136NlPNa,NlPNa,0,0,0,1,N,PN,0.0473354295,124.0686166461,48.5136689441,112.1,9.24,42.40555242,4.845,1.81,1,1,0,7,NA,NA,NA,NA,NA,NA,NA,NA,NA,NA,NA,NA,NA,NA,NA,NA,0.046440969921354,123.837501768125,48.3858892771631,2.42313484319034
137NlPNa,NlPNa,39,37,2,1,N,PN,0.1279173982,133.9839748785,46.0180345554,123.4,9.3,41.25926245,4.57,1.855,0,2,2,8,NA,NA,NA,NA,NA,NA,NA,NA,NA,NA,NA,NA,NA,NA,NA,NA,0.127048591861168,133.73439314491,45.8982778290466,2.78779200076924
138NlPNa,NlPNa,91,79,12,1,N,PN,0.0483308034,116.368813808,45.4703362396,147.3,10.355,62.1610615483,5.02,2.285,0,2,2,8,NA,NA,NA,NA,NA,NA,NA,NA,NA,NA,NA,NA,NA,NA,NA,NA,0.047887886291266,116.152095045739,45.3757927947656,2.91661094814917
139NlPNa,NlPNa,41,33,8,0,N,PN,-0.2842170379,84.8122047849,39.8878340522,98.7,10.065,48.775661,4.63,2,6,8,2,2,0,0,28,0,13,0,0,0,0,0,1,0,1,0,0,0,-0.284772537625675,84.6542456655791,39.7993806199077,2.31416439407056
140NlPNa,NlPNa,15,14,1,1,N,PN,0.0164539349,128.6065000274,55.3121167604,82.2,8.22,30.54622144,4.48,1.585,2,3,1,6,NA,NA,NA,NA,NA,NA,NA,NA,NA,NA,NA,NA,NA,NA,NA,NA,0.015095867994079,128.366871924233,55.1349495154978,1.82259207060565
141NlPNa,NlPNa,125,85,40,0,N,PN,0.0663573696,124.8763968301,54.3643284186,120.4,9.445,51.7944972967,4.84,2.165,3,8,5,5,43,43,19,0,0,0,11,9,1,1,1,0,0,0,1,1,0.065549881660827,124.643788160675,54.2269453277595,2.25523374261634
142NlPNa,NlPNa,25,22,3,0,N,PN,-0.0701475095,111.8450314181,48.1557497444,94.1,9.02,38.2933696933,4.315,1.88,6,8,2,2,0,21,4,0,0,0,0,0,0,1,1,0,0,0,0,0,-0.071137477723675,111.636675860104,48.0232651229165,2.11634638772674
143NlPNa,NlPNa,22,21,1,0,N,PN,-0.0792821234,114.4203751402,55.4696986301,81.6,8.53,35.4246713192,4.255,1.865,4,8,4,4,0,6,2,8,0,0,0,6,0,1,1,1,0,0,0,1,-0.080493468026803,114.207196470919,55.3020162404139,1.71692407738934
1PNlNa,PNlNa,56,49,7,0,PN,N,-0.0515042383,124.7725324273,83.6773305094,65.6,7.695,35.6635548,4.1,2.16,5,8,3,3,0,0,13,0,26,17,0,0,0,0,1,0,1,1,0,0,-0.053123888486902,124.540015146848,83.3824482678132,1.05027478991079
2PNlNa,PNlNa,38,31,7,0,PN,N,-0.0946043837,117.941256485,68.9307567436,66.4,7.875,32.1699623438,4.055,1.925,4,8,4,4,0,6,0,20,2,10,0,0,0,1,0,1,1,1,0,0,-0.096132390124206,117.721480376028,68.6955930172766,1.25117962158867
3PNlNa,PNlNa,79,63,16,0,PN,N,0.0036433075,126.6179554251,76.2699455358,82.1,8.26,42.93057769,4.29,2.315,3,8,5,5,30,9,0,19,13,8,0,0,1,1,0,1,1,1,0,0,0.002304480478204,126.3820349633,76.0274504256139,1.31161251153748
4PNlPNa,PNlPNa,49,48,1,0,PN,PN,-0.0741712516,119.0433891568,77.1577793303,71,8.03,38.8729422583,4.075,2.27,5,8,3,3,0,29,18,2,0,0,0,0,0,1,1,1,0,0,0,0,-0.075622005692906,118.821568556967,76.901862718908,1.1644260300881
5PNlPNa,PNlPNa,36,32,4,0,PN,PN,0.139584486,150.3769602263,111.7703134993,80.9,7.755,49.111709295,4.18,2.895,5,8,3,3,20,4,12,0,0,0,0,0,1,1,1,0,0,0,0,0,0.137995619837054,150.096733005596,111.380652049018,0.959651583954151
6PNlPNa,PNlPNa,141,114,27,0,PN,PN,0.0476782018,126.5132926388,79.5020109452,103.5,8.935,60.9132165863,4.595,2.835,1,8,7,7,22,31,13,37,1,24,13,0,1,1,1,1,1,1,1,0,0.046650707215038,126.277606866752,79.2796242604226,1.42794628732012
8PNlNa,PNlNa,127,125,2,0,PN,N,0.0396183177,127.2139957534,69.0862383052,97,8.725,48.2144154375,4.275,2.47,2,8,6,6,26,25,0,18,20,21,17,0,1,1,0,1,1,1,1,0,0.038496558552521,126.97699253858,68.8849915432633,1.58985142442685
10PNlNa,PNlNa,126,108,18,0,PN,N,0.042103961,125.21086676,80.6620122173,105,9.01,63.86359179,4.545,2.98,1,8,7,7,3,28,25,24,25,2,0,19,1,1,1,1,1,1,0,1,0.041109596287649,124.977611498693,80.4396619195427,1.41192099812132
11PNlNa,PNlNa,81,74,7,0,PN,N,-0.0258690226,116.9827240872,61.5105834949,98.1,9.01,48.7005801983,4.19,2.465,2,8,6,6,0,28,5,21,8,12,0,7,0,1,1,1,1,1,0,1,-0.026863387298557,116.764797028779,61.341025404873,1.7298534437041
12PNlPNa,PNlPNa,118,87,31,0,PN,PN,-0.0223655526,114.7957711713,69.2117286364,108.1,9.37,63.9083176883,4.705,2.77,1,8,7,7,22,18,21,30,12,3,12,0,1,1,1,1,1,1,1,0,-0.023204638445341,114.581936142756,69.03413910863,1.6075329411008
13PNlNa,PNlNa,37,34,3,0,PN,N,0.082484307,132.39616314,76.7662689653,102.5,8.77,54.6671226333,4.3,2.77,2,8,6,6,4,8,0,6,8,0,3,8,1,1,0,1,1,0,1,1,0.081382936998875,132.149508122339,76.5445720230439,1.501547610992
14PNlPNa,PNlPNa,74,72,2,0,PN,PN,0.0187514367,115.9473894526,60.4794706084,128.3,9.895,69.17180889,4.92,2.715,3,8,5,5,12,40,5,0,3,14,0,0,1,1,1,0,1,1,0,0,0.018128422241559,115.731434492095,60.3403379108438,2.02973449312381
15PNlNa,PNlNa,45,45,0,0,PN,N,-0.0437854839,110.9165680635,63.0534507476,111.7,9.585,63.6449112,4.88,2.6,4,8,4,4,24,1,0,1,0,19,0,0,1,1,0,1,0,1,0,0,-0.044534654631533,110.709969040031,62.8986257329091,1.76876223800745
16PNlPNa,PNlPNa,31,18,13,0,PN,PN,-0.0305843828,113.4075154912,65.2363587893,109,9.435,61.8946771625,4.55,2.755,6,8,2,2,5,0,26,0,0,0,0,0,1,0,1,0,0,0,0,0,-0.031396069265714,113.196269556412,65.0711648123112,1.70385144445795
17PNlNa,PNlNa,105,97,8,0,PN,N,0.0088740947,113.5352981738,53.4014388692,133.1,10.09,65.93941125,4.995,2.5,3,8,5,5,29,22,19,23,0,0,12,0,1,1,1,1,0,0,1,0,0.008328427308203,113.323844640795,53.2836633442556,2.32327382206773
18PNlPNa,PNlPNa,98,80,18,0,PN,PN,0.0253485783,123.4043940063,78.8979685215,102.3,8.975,61.5197448083,4.54,2.885,1,8,7,7,20,16,25,11,0,1,15,10,1,1,1,1,0,1,1,1,0.024338787451233,123.174502104555,78.6789865137619,1.41371761259211
19PNlPNa,PNlPNa,25,19,6,0,PN,PN,0.0058583165,120.60096411,71.0963201498,101.8,9.03,56.78212092,4.56,2.635,5,8,3,3,0,2,4,0,0,0,19,0,0,1,1,0,0,0,1,0,0.004872739850446,120.376297701666,70.9011055042891,1.54846635427003
20PNlPNa,PNlPNa,129,122,7,0,PN,PN,-0.0094163763,111.7625014935,56.7581215031,129.3,10.045,68.8651716667,5,2.62,1,8,7,7,25,22,14,17,24,13,14,0,1,1,1,1,1,1,1,0,-0.009979759504816,111.554347706801,56.6317075870735,2.13621208234218
21PNlPNa,PNlPNa,100,92,8,0,PN,PN,0.0616798354,122.7424025013,69.4642344575,126.3,9.655,72.1475563404,4.865,2.935,2,8,6,6,38,18,14,9,0,9,0,12,1,1,1,1,0,1,0,1,0.060959504591857,122.513779623595,69.2961286697472,1.79778189266913
22PNlPNa,PNlPNa,54,51,3,0,PN,PN,-0.0785639507,110.3497479233,67.349246583,95.3,9.1,55.4449896,4.41,2.64,3,8,5,5,24,13,0,2,0,0,10,5,1,1,0,1,0,0,1,1,-0.079518921633498,110.144181811891,67.166851606288,1.51450963809557
23PNlPNa,PNlPNa,79,67,12,0,PN,PN,-0.0958629304,105.8251357424,59.0885356189,103.8,9.5,57.5932781667,4.69,2.47,1,8,7,7,11,21,11,7,15,7,0,7,1,1,1,1,1,1,0,1,-0.096647405534763,105.628016524561,58.9408841222211,1.77499738893855
24PNlPNa,PNlPNa,62,48,14,0,PN,PN,-0.2142516274,100.1753157612,52.3466992439,70.7,8.5,32.9710466667,4.36,1.7,3,8,5,5,11,5,0,29,3,0,14,0,1,1,0,1,1,0,1,0,-0.215476935914843,99.9886759104484,52.187560256839,1.58378079506477
25PNlPNa,PNlPNa,37,30,7,0,PN,PN,-0.0386816147,110.6621966737,62.784582134,115.8,9.71,66.6803178,4.86,2.7,5,8,3,3,24,3,0,10,0,0,0,0,1,1,0,1,0,0,0,0,-0.039379431844008,110.456077180438,62.6343775422438,1.80987323576323
26PNlPNa,PNlPNa,37,31,6,0,PN,PN,-0.052953752,110.697940432,60.1340399723,107.4,9.465,57.7691873775,4.77,2.445,5,8,3,3,0,0,0,0,0,15,12,10,0,0,0,0,0,1,1,1,-0.053752856131887,110.491743067678,59.9826955244452,1.81356561881746
27PNlPNa,PNlPNa,61,61,0,0,PN,PN,-0.0500103477,107.7459284685,57.9923151001,122.1,9.975,68.45731445,4.93,2.66,5,8,3,3,12,21,28,0,0,0,0,0,1,1,1,0,0,0,0,0,-0.050601447185768,107.545252401573,57.8611777373406,1.99289535975562
28PNlPNa,PNlPNa,40,37,3,0,PN,PN,0.0973640173,121.3822791745,54.0682522797,159.2,10.48,77.4800024,5.1,2.77,6,8,2,2,39,0,1,0,0,0,0,0,1,0,1,0,0,0,0,0,0.096968657939534,121.156229430173,53.9589912927356,2.60872853990216
29PNlNa,PNlNa,114,101,13,0,PN,N,0.1086080178,127.4750040636,61.0605106322,137.5,9.81,67.510785,5,2.63,3,8,5,5,9,46,19,1,0,0,39,0,1,1,1,1,0,0,1,0,0.107950809773881,127.23757423695,60.9174764993069,2.17960770231247
30PNlNa,PNlNa,167,128,39,0,PN,N,0.1092089414,120.3552898347,57.5688465936,175.4,10.86,94.87640624,5.42,3.08,0,8,8,8,14,39,36,18,25,12,6,17,1,1,1,1,1,1,1,1,0.108954749474998,120.131169763781,57.4624985367527,2.57373480203914
31PNlNa,PNlNa,96,90,6,0,PN,N,-0.022896381,113.2241565213,60.7760442796,114.2,9.59,61.47186164,4.72,2.595,2,8,6,6,0,0,41,9,15,12,4,15,0,0,1,1,1,1,1,1,-0.023643484796824,113.013259498178,60.6269656319883,1.87480298025832
32PNlNa,PNlNa,81,64,17,0,PN,N,-0.0117147484,112.5006527376,59.835536253,124.3,9.89,68.2996757217,5.095,2.59,2,8,6,6,17,16,7,0,21,7,13,0,1,1,1,0,1,1,1,0,-0.012339766020016,112.291117184899,59.6977376789731,1.98896130074827
33PNlNa,PNlNa,130,113,17,0,PN,N,0.0892794307,129.4632680438,71.2536710811,116.6,9.23,62.018285225,4.845,2.65,2,8,6,6,35,21,0,29,16,18,11,0,1,1,0,1,1,1,1,0,0.088380679373902,129.222103455597,71.0656212152608,1.71852916429158
34PNlNa,PNlNa,140,80,60,0,PN,N,-0.0355463945,112.5399439687,65.5324081105,109.7,9.48,63.34782638,4.855,2.63,0,8,8,8,35,7,38,27,12,5,6,10,1,1,1,1,1,1,1,1,-0.036339222485301,112.330316210773,65.3679822715253,1.69620868994294
35PNlNa,PNlNa,77,66,11,0,PN,N,0.23650376,145.035940713,54.1358417991,155.5,9.79,59.37700593,4.89,2.37,4,8,4,4,22,20,0,0,25,0,10,0,1,1,0,0,1,0,1,0,0.235838463346409,144.765801408773,54.0084908066864,2.7878410073393
36PNlPNa,PNlPNa,32,30,2,0,PN,PN,-0.0091083388,117.9170091373,63.3293093998,103.5,9.15,53.2691894,4.795,2.32,5,8,3,3,17,0,0,0,0,14,1,0,1,0,0,0,0,1,1,0,-0.010041592340751,117.697348858734,63.1594900509143,1.73644877338803
37PNlPNa,PNlPNa,71,59,12,0,PN,PN,-0.010862968,111.7280449954,61.0251060347,128.5,10.025,73.4653102625,5.01,2.795,4,8,4,4,0,23,18,11,0,19,0,0,0,1,1,1,0,1,0,0,-0.011434250362341,111.519954493683,60.888596325128,1.97982631242389
38PNlPNa,PNlPNa,35,33,2,0,PN,PN,0.0564769118,122.9439145518,67.3123621731,122.1,9.54,66.70013748,4.985,2.68,4,8,4,4,26,1,0,7,0,0,0,1,1,1,0,1,0,0,0,1,0.055709089642177,122.714910451367,67.1455375879436,1.82255969108503
39PNlPNa,PNlPNa,34,34,0,0,PN,PN,-0.1197053107,101.3067846912,55.8916660403,110.1,9.835,62.4164374867,4.97,2.44,6,8,2,2,28,0,0,0,6,0,0,0,1,0,0,0,1,0,0,0,-0.120352431124854,101.118095769244,55.7614324921451,1.90018849352363
40PNlPNa,PNlPNa,66,49,17,0,PN,PN,-0.0427947458,107.9402795321,53.8159847038,125.8,10.07,65.9357149467,5.045,2.48,2,8,6,6,27,5,0,3,19,7,5,0,1,1,0,1,1,1,1,0,-0.043348277052715,107.739245572563,53.6967749819361,2.1847318050475
41PNlPNa,PNlPNa,81,79,2,0,PN,PN,0.1321343689,134.0160281412,71.2724453524,126,9.365,65.6733782825,4.71,2.845,2,8,6,6,23,31,1,3,11,12,0,0,1,1,1,1,1,1,0,0,0.1312931674897,133.766390426368,71.0893830909829,1.82084539521891
52PNlNa,PNlNa,34,33,1,0,PN,N,-0.2735084184,94.7303492981,47.6024445011,65.7,8.45,29.29641195,4.33,1.53,1,8,7,7,0,5,14,1,3,3,4,4,0,1,1,1,1,1,1,1,-0.274757110008241,94.5538519079589,47.4563621894287,1.63128895870855
53PNlNa,PNlNa,85,78,7,0,PN,N,-0.1323141947,101.1282666106,48.9992412394,103.9,9.65,50.7886423875,4.755,2.115,3,8,5,5,0,42,13,10,0,17,0,3,0,1,1,1,0,1,0,1,-0.133036578555225,100.939902520238,48.8805378595752,2.09808094279249
54PNlNa,PNlNa,73,64,9,0,PN,N,-0.0906455066,103.7826171157,48.440560382,115.7,9.92,55.95414688,4.855,2.22,1,8,7,7,1,5,5,28,10,3,21,0,1,1,1,1,1,1,1,0,-0.091258519941717,103.589320398519,48.3297182569868,2.27760183625304
55PNlPNa,PNlPNa,44,42,2,0,PN,PN,-0.0633592984,112.2518942834,58.3493637542,96,9.07,47.4172056783,4.51,2.215,4,8,4,4,20,8,9,0,0,0,0,7,1,1,1,0,0,0,0,1,-0.064327357077842,112.04278326007,58.1904045080175,1.7687510293721
56PNlPNa,PNlPNa,62,60,2,0,PN,PN,-0.0145404884,113.1003599904,58.8233162774,119.8,9.75,63.489642125,4.87,2.555,2,8,6,6,29,8,13,4,0,0,7,1,1,1,1,1,0,0,1,1,-0.01522201189646,112.889701028598,58.6837658188857,1.98751298795755
57PNlPNa,PNlPNa,48,27,21,0,PN,PN,0.0210185372,119.2329688709,66.9109653833,115.5,9.46,64.1464042633,4.79,2.705,5,8,3,3,0,0,35,11,2,0,0,0,0,0,1,1,1,0,0,0,0.020217338712811,119.010873033656,66.7423927755605,1.75404709916699
58PNlPNa,PNlPNa,73,71,2,0,PN,PN,0.016342959,116.9563773906,58.1079711716,122.2,9.705,61.588871385,4.87,2.49,3,8,5,5,36,0,17,2,11,0,7,0,1,0,1,1,1,0,1,0,0.015643100418779,116.738534110975,57.9688091006173,2.06503556222923
59PNlNa,PNlNa,166,130,36,0,PN,N,-0.0195951726,110.5050611483,57.2469031291,128.6,10.065,70.0026864488,4.895,2.715,0,8,8,8,2,10,42,3,44,22,14,29,1,1,1,1,1,1,1,1,-0.020150672261592,110.299250178252,57.1199550200222,2.10090531486223
60PNlNa,PNlNa,112,97,15,0,PN,N,-0.0002585653,112.7266246258,58.9736117547,130.8,10.055,71.8332861696,4.955,2.755,2,8,6,6,18,0,22,18,22,23,0,9,1,0,1,1,1,1,0,1,-0.000818004775476,112.51667564096,58.8425491365977,2.07704264016687
61PNlNa,PNlNa,119,106,13,0,PN,N,0.0363859513,113.6761247714,55.8074481408,152.7,10.565,82.5489099604,5.285,2.825,0,8,8,8,11,23,1,9,20,13,23,19,1,1,1,1,1,1,1,1,0.036022608296783,113.464429834548,55.696868146789,2.39816398212767
62PNlNa,PNlNa,103,100,3,0,PN,N,-0.029398119,111.5304053851,51.6078211097,117.6,9.735,55.366108875,4.83,2.25,2,8,6,6,28,24,0,21,8,20,0,2,1,1,0,1,1,1,0,1,-0.030085744818743,111.322669910652,51.4850016162126,2.22838147136489
63PNlNa,PNlNa,88,87,1,0,PN,N,-0.0069409352,113.6969850348,62.1039605759,121.9,9.79,68.11655851,4.87,2.73,1,8,7,7,31,5,15,0,2,15,7,13,1,1,1,0,1,1,1,1,-0.007606231785654,113.485216667071,61.9578651104015,1.90505233565463
64PNlNa,PNlNa,132,123,9,0,PN,N,0.0051360285,115.8918549363,67.511261415,119.8,9.67,70.5477589833,4.9,2.845,0,8,8,8,24,14,17,11,11,20,23,12,1,1,1,1,1,1,1,1,0.004421850504392,115.675992767529,67.3483920984996,1.75094704541287
65PNlNa,PNlNa,137,129,8,0,PN,N,-0.0964352655,105.1027095554,52.4607786223,106.5,9.605,53.3879469475,4.71,2.255,0,8,8,8,8,30,22,15,28,22,3,9,1,1,1,1,1,1,1,1,-0.097176174775702,104.906940604757,52.3324957740783,2.0212881773575
66PNlPNa,PNlPNa,117,115,2,0,PN,PN,-0.0508466223,112.7102240603,61.4502465274,100.7,9.205,52.9190617375,4.53,2.425,1,8,7,7,12,22,29,14,12,15,13,0,1,1,1,1,1,1,1,0,-0.051756123341423,112.500265875326,61.2872582881792,1.72722218484473
67PNlPNa,PNlPNa,70,69,1,0,PN,PN,0.0675548009,124.0167407392,68.4135863132,124.7,9.58,68.9140237867,4.84,2.84,4,8,4,4,37,11,13,0,0,9,0,0,1,1,1,0,0,1,0,0,0.06680356208935,123.785740387943,68.2454259405315,1.82117877985453
68PNlPNa,PNlPNa,109,99,10,0,PN,PN,-0.0256772326,111.6843180863,55.0718074135,119.2,9.775,60.041090025,4.83,2.43,3,8,5,5,30,18,0,33,0,26,0,2,1,1,0,1,0,1,0,1,-0.026348606492703,111.476297763901,54.9418435015626,2.10504239419076
69PNlPNa,PNlPNa,121,107,14,0,PN,PN,0.0591131725,123.5646093639,70.961024717,121.2,9.5,69.1653295,4.74,2.935,2,8,6,6,29,32,0,18,0,6,28,8,1,1,0,1,0,1,1,1,0.058328697368663,123.334447040239,70.7837060348449,1.72578358397289
70PNlPNa,PNlPNa,46,38,8,0,PN,PN,-0.0922035226,107.9098137644,60.3748155268,97.5,9.24,52.7733206,4.745,2.3,2,8,6,6,4,13,1,9,12,7,0,0,1,1,1,1,1,1,0,0,-0.093097982152959,107.708799486104,60.21579490462,1.69349878389251
71PNlPNa,PNlPNa,91,90,1,0,PN,PN,-0.3101438058,81.2221476058,47.3622190646,103.4,10.375,65.2397015,5.27,2.28,0,8,8,8,1,23,27,6,12,13,8,1,1,1,1,1,1,1,1,1,-0.310579075298988,81.0708846521722,47.2641870069965,1.96051719101462
72PNlNa,PNlNa,131,117,14,0,PN,N,0.0530913975,120.69631637,56.8929781792,129.6,9.795,62.5262763875,4.85,2.515,0,8,8,8,37,18,23,11,15,3,8,16,1,1,1,1,1,1,1,1,0.052428124599284,120.471511517631,56.7592826304629,2.20938804759621
73PNlNa,PNlNa,106,100,6,0,PN,N,0.0765277468,124.1384704903,66.4088837023,130.1,9.715,70.6721820067,4.72,2.945,1,8,7,7,33,5,18,8,14,18,10,0,1,1,1,1,1,1,1,0,0.075831970072511,123.907250334157,66.2501748352607,1.92107553895376
75PNlNa,PNlNa,77,76,1,0,PN,N,-0.0520230865,110.80101114,56.5224346916,107.5,9.465,54.29961337,4.645,2.36,2,8,6,6,0,25,5,11,17,9,10,0,0,1,1,1,1,1,1,0,-0.052822190638934,110.594621785618,56.3801798800507,1.9312432463556
76PNlPNa,PNlPNa,38,25,13,0,PN,PN,-0.0475017955,108.9236656404,54.8580864795,118.2,9.83,61.1400261783,4.735,2.51,4,8,4,4,3,1,18,0,16,0,0,0,1,1,1,0,1,0,0,0,-0.048150931354569,108.720789677874,54.7301254668529,2.07983494304904
77PNlPNa,PNlPNa,77,70,7,0,PN,PN,-0.0456086521,105.6149267187,48.8685204692,135.8,10.41,68.21043195,5.1,2.455,4,8,4,4,43,8,0,0,2,0,24,0,1,1,0,0,1,0,1,0,-0.046030573491248,105.418237627251,48.7681721092799,2.48424741726502
78PNlPNa,PNlPNa,83,79,4,0,PN,PN,-0.0454484497,111.632960038,59.3596972564,107.8,9.45,56.6713499625,4.745,2.415,3,8,5,5,19,4,28,0,25,0,7,0,1,1,1,0,1,0,1,0,-0.046253839982956,111.425020303181,59.20984338834,1.84798528671885
79PNlPNa,PNlPNa,102,95,7,0,PN,PN,-0.0221100784,117.3860840273,65.7652715357,98.6,9.015,52.182723495,4.58,2.415,0,8,8,8,22,13,29,12,5,4,3,14,1,1,1,1,1,1,1,1,-0.023102244201904,117.167405809813,65.5841626650132,1.62497963011857
80PNlPNa,PNlPNa,90,69,21,0,PN,PN,-0.0737656561,110.4307096891,62.5585722704,97.4,9.165,52.96033743,4.62,2.39,2,8,6,6,23,19,14,13,0,3,0,18,1,1,1,1,0,1,0,1,-0.074692417567056,110.224995895408,62.391318395053,1.65061675372162
81PNlNa,PNlNa,119,109,10,0,PN,N,0.0116729645,118.5538807497,46.6280537797,112.7,9.4,43.5988215,4.545,1.95,2,8,6,6,17,0,24,22,17,33,6,0,1,0,1,1,1,1,1,0,0.010846548071214,118.333046841587,46.5091369359391,2.47703510512865
82PNlNa,PNlNa,67,66,1,0,PN,N,0.0388561191,121.7467974516,48.5530886895,116.1,9.41,45.58868346,4.44,2.085,1,8,7,7,28,3,6,7,10,0,11,2,1,1,1,1,1,0,1,1,0.038033916807019,121.520016517501,48.4295136617725,2.44710587287345
83PNlNa,PNlNa,100,93,7,0,PN,N,-0.0318191621,111.8855914448,47.2295663713,114.6,9.64,48.7554969667,4.495,2.15,1,8,7,7,12,18,9,12,14,14,0,21,1,1,1,1,1,1,0,1,-0.032545655246129,111.677190023521,47.1149117421375,2.40419371045982
84PNlPNa,PNlPNa,72,72,0,0,PN,PN,0.1898136233,142.9786348729,67.8576858707,129.6,9.25,59.5664541667,4.6,2.675,4,8,4,4,19,26,13,14,0,0,0,0,1,1,1,1,0,0,0,0,0.188923450755166,142.712295051909,67.6793134337599,1.99992273285681
85PNlPNa,PNlPNa,33,33,0,0,PN,PN,0.0110596467,114.4655240956,46.9545407024,130.1,9.985,55.6461720167,4.6,2.315,6,8,2,2,14,0,0,19,0,0,0,0,1,0,0,1,0,0,0,0,0.01047251862756,114.252333284984,46.8485920094221,2.61912641205251
86PNlPNa,PNlPNa,58,57,1,0,PN,PN,0.1439211858,138.6750596224,58.8503148656,116.1,9.005,46.4929088021,4.375,2.255,2,8,6,6,24,0,9,4,4,0,3,14,1,0,1,1,1,0,1,1,0.142924621024941,138.416721615517,58.6879310137478,2.14139253245922
87PNlNa,PNlNa,145,137,8,0,PN,N,0.004792326,114.6713971704,67.7432475968,125,9.845,75.9539781,5.04,2.925,0,8,8,8,17,22,33,18,14,17,11,13,1,1,1,1,1,1,1,1,0.00414923346811,114.457816458641,67.585733782608,1.777500020913
88PNlNa,PNlNa,84,76,8,0,PN,N,0.0071027872,117.8344257822,64.9360794417,112.9,9.425,61.353837675,4.59,2.71,0,8,8,8,2,2,14,18,11,17,10,10,1,1,1,1,1,1,1,1,0.006286897746915,117.614933274162,64.7713106448003,1.77549442282668
89PNlNa,PNlNa,112,109,3,0,PN,N,-0.0706978873,105.539828377,63.1428930754,119.6,9.975,74.537339625,5.01,2.85,2,8,6,6,20,15,23,0,15,0,25,14,1,1,1,0,1,0,1,1,-0.071288986785895,105.343261156659,63.0001087650123,1.79285836435759
90PNlNa,PNlNa,177,173,4,0,PN,N,0.0511137169,116.7897594704,59.0355932021,147.2,10.34,80.24773185,5.07,2.925,0,8,8,8,22,1,31,41,30,7,26,19,1,1,1,1,1,1,1,1,0.050665054301323,116.57225608658,58.912427664322,2.24926457576004
91PNlNa,PNlNa,177,163,14,0,PN,N,0.000801756,115.5955848784,66.0410011242,118.4,9.64,68.1747066,4.725,2.86,1,8,7,7,26,28,35,0,44,15,11,18,1,1,1,0,1,1,1,1,7.52629231369482E-05,115.380273113307,65.8806798072214,1.77638399442529
92PNlPNa,PNlPNa,48,46,2,0,PN,PN,-0.0299211524,110.3753773635,56.581457259,122.5,9.905,64.9706737575,4.83,2.595,4,8,4,4,0,0,0,28,0,17,2,1,0,0,0,1,0,1,1,1,-0.030540163349324,110.16980086236,56.4515701837542,2.06868941156743
93PNlPNa,PNlPNa,2,1,1,0,PN,PN,-0.095478164,105.1096357652,49.7823426533,107,9.62,50.9734715533,4.915,2.06,6,8,2,2,0,0,1,0,0,1,0,0,0,0,1,0,0,1,0,0,-0.096212888473359,104.913854568389,49.6609875871812,2.13557400002559
94PNlPNa,PNlPNa,102,69,33,0,PN,PN,0.0630499477,118.6845606227,62.9059743322,146.4,10.265,83.0997258167,4.99,3.1,1,8,7,7,26,20,19,6,6,11,0,14,1,1,1,1,1,1,0,1,0.062572432121294,118.463525006716,62.7725039782583,2.11996159556318
95PNlPNa,PNlPNa,51,49,2,0,PN,PN,-0.0007736489,115.7224422379,58.6258737857,116.9,9.595,59.4185311217,4.82,2.455,5,8,3,3,0,0,40,5,0,0,6,0,0,0,1,1,0,0,1,0,-0.001518686731116,115.506892022664,58.4822180897488,1.98812697904189
97PNlPNa,PNlPNa,53,39,14,0,PN,PN,0.0920378821,125.7465633648,67.3458367808,133.6,9.76,72.98133696,5.04,2.835,5,8,3,3,4,0,39,0,10,0,0,0,1,0,1,0,1,0,0,0,0.091360421525143,125.512350297037,67.1864038898579,1.93331407609228
98PNlPNa,PNlPNa,89,86,3,0,PN,PN,-0.1622263671,95.5722404625,42.7651864946,112.7,10.11,53.21798856,5.08,1.98,2,8,6,6,23,15,0,7,17,15,0,12,1,1,0,1,1,1,0,1,-0.162764186138031,95.3942429371579,42.6712813020732,2.4499524395908
99PNlPNa,PNlPNa,59,54,5,0,PN,PN,0.1255144495,131.8104327841,67.5511785906,130.5,9.53,66.6617662875,4.905,2.725,3,8,5,5,21,16,0,12,3,0,0,7,1,1,0,1,1,0,0,1,0.124742470716006,131.564912722704,67.3834172604022,1.94378494335814
100PNlPNa,PNlPNa,98,96,2,0,PN,PN,0.0206049773,111.9871186864,54.7280635964,149.8,10.55,80.5020607292,5.125,2.845,1,8,7,7,26,26,7,1,0,18,9,11,1,1,1,1,0,1,1,1,0.020236003095964,111.778568489264,54.6192436527667,2.40358627806993
101PNlPNa,PNlPNa,61,57,4,0,PN,PN,0.0631713616,118.5670923086,96.5294596099,147.1,10.285,128.49494812,7.84,3.045,5,8,3,3,38,14,0,9,0,0,0,0,1,1,0,1,0,0,0,0,0.062701560752149,118.346276384535,96.3255638286686,1.38452250655047
102PNlPNa,PNlPNa,57,43,14,0,PN,PN,0.074924344,127.8952894403,75.9271949056,113.9,9.195,65.1077583075,4.815,2.81,4,8,4,4,26,11,2,18,0,0,0,0,1,1,1,1,0,0,0,0,0.074010534937801,127.657043747738,75.725406898272,1.58343646043595
103PNlPNa,PNlPNa,79,75,4,0,PN,PN,-0.0790329936,100.5259757707,48.8883150892,140.4,10.705,76.1495964367,5.11,2.66,3,8,5,5,38,17,4,11,9,0,0,0,1,1,1,1,1,0,0,0,-0.079344161152422,100.338775164426,48.7945795927465,2.47309586630553
104PNlPNa,PNlPNa,114,80,34,0,PN,PN,0.0423448378,116.3495796945,59.0745069084,142.9,10.25,77.591598,5.04,2.87,2,8,6,6,39,30,4,18,14,0,0,9,1,1,1,1,1,0,0,1,0.041861526404917,116.132892018337,58.9487452745603,2.20780682929305
105PNlNa,PNlNa,124,113,11,0,PN,N,0.0447819742,119.3499901749,67.5786225922,130.1,9.845,75.7693999379,5.045,2.915,0,8,8,8,38,24,13,14,10,2,17,6,1,1,1,1,1,1,1,1,0.044138881684269,119.127695370154,67.4214915554352,1.85452877072958
106PNlNa,PNlNa,77,74,3,0,PN,N,-0.0341987335,110.8013945417,58.428284497,117.9,9.765,63.44499525,4.775,2.6,1,8,7,7,1,10,12,15,15,11,13,0,1,1,1,1,1,1,1,0,-0.034874164102671,110.595018277036,58.2901084895359,1.96516775748283
107PNlNa,PNlNa,119,113,6,0,PN,N,0.0697788848,123.6308769688,63.2695608961,127.8,9.67,66.1152767625,4.725,2.765,3,8,5,5,13,37,26,0,0,29,0,14,1,1,1,0,0,1,0,1,0.069064706766478,123.400599964026,63.1169245809172,1.99309706578759
108PNlNa,PNlNa,38,33,5,0,PN,N,0.0607778304,121.6276151074,56.8929781792,130.6,9.795,62.5262763875,4.85,2.515,2,8,6,6,0,8,6,10,4,0,3,7,0,1,1,1,1,0,1,1,0.060114557523441,121.401075649712,56.7592826304629,2.22643579487705
109PNlNa,PNlNa,98,86,12,0,PN,N,-0.0706017769,107.1541140358,66.4088837023,112.3,9.715,70.6721820067,4.72,2.945,2,8,6,6,18,26,0,24,2,22,6,0,1,1,0,1,1,1,1,0,-0.071297553701552,106.95452892026,66.2501748352607,1.65823814776716
110PNlNa,PNlNa,80,75,5,0,PN,N,0.3654625085,168.2113955167,56.5224346916,163.2,9.465,54.29961337,4.645,2.36,3,8,5,5,23,19,0,0,0,20,2,16,1,1,0,0,0,1,1,1,0.364663404323355,167.89806767826,56.3801798800507,2.93189672376961
111PNlNa,PNlNa,209,197,12,0,PN,N,0.0044258155,114.7292417278,52.6725053419,124.5,9.83,58.7041685617,4.735,2.41,0,8,8,8,35,19,20,32,27,35,17,24,1,1,1,1,1,1,1,1,0.003776679578195,114.515552579486,52.5496423805826,2.28158905198793
112PNlNa,PNlNa,127,118,9,0,PN,N,-0.142171457,95.8933760266,48.8685204692,123.3,10.41,68.21043195,5.1,2.455,1,8,7,7,9,23,27,24,17,0,20,7,1,1,1,1,1,0,1,1,-0.142593378445545,95.7147916011784,48.7681721092799,2.2555795769424
113PNlNa,PNlNa,162,139,23,0,PN,N,0.079114273,126.4414139206,59.3596972564,122.1,9.45,56.6713499625,4.745,2.415,2,8,6,6,31,23,23,20,0,35,0,30,1,1,1,1,0,1,0,1,0.078308882658806,126.205890343399,59.20984338834,2.09312619209992
114PNlNa,PNlNa,130,114,16,0,PN,N,0.1035302207,133.1010567368,65.7652715357,111.8,9.015,52.182723495,4.58,2.415,0,8,8,8,8,26,13,10,29,18,12,14,1,1,1,1,1,1,1,1,0.102538054910505,132.853103139322,65.5841626650132,1.84252254206143
115PNlNa,PNlNa,124,91,33,0,PN,N,0.0975440895,131.0656061608,62.5585722704,115.6,9.165,52.96033743,4.62,2.39,1,8,7,7,14,26,20,16,6,27,15,0,1,1,1,1,1,1,1,0,0.096617328022732,130.821453033975,62.391318395053,1.95904822104948
116PNlNa,PNlNa,152,140,12,0,PN,N,0.3627421635,168.4159388468,46.6280537797,160.1,9.4,43.5988215,4.545,1.95,0,8,8,8,25,35,21,7,21,19,10,14,1,1,1,1,1,1,1,1,0.361915747028152,168.102225371234,46.5091369359391,3.51884046433981
117PNlNa,PNlNa,44,44,0,0,PN,N,0.1918987656,141.8806347562,48.5530886895,135.3,9.41,45.58868346,4.44,2.085,4,8,4,4,10,12,0,0,7,0,15,0,1,1,0,0,1,0,1,0,0.191076563279915,141.616349998432,48.4295136617725,2.85179521619102
118PNlPNa,PNlPNa,60,59,1,0,PN,PN,0.1014921219,130.3297847771,52.1322684943,120.8,9.32,47.1370572333,4.495,2.15,4,8,4,4,28,19,0,0,0,8,0,5,1,1,0,0,0,1,0,1,0.100631829846053,130.08701108802,51.9971452715015,2.40206472413128
119PNlPNa,PNlPNa,142,140,2,0,PN,PN,0.2864858573,154.8777198174,62.2839035759,153.1,9.525,61.33734875,4.6,2.675,3,8,5,5,55,20,26,0,27,0,14,0,1,1,1,0,1,0,1,0,0.28571179844924,154.589232561593,62.1290642546688,2.47499936560373
120PNlPNa,PNlPNa,111,109,2,0,PN,PN,-0.1613191895,96.3410829245,46.9545407024,109.5,9.985,55.6461720167,4.6,2.315,2,8,6,6,33,29,19,11,9,10,0,0,1,1,1,1,1,1,0,0,-0.161906317634344,96.1616486910515,46.8485920094221,2.20441462044389
121PNlPNa,PNlPNa,0,0,0,1,PN,PN,0.0386563685,124.8194981097,58.8503148656,104.5,9.005,46.4929088021,4.375,2.255,1,1,0,7,NA,NA,NA,NA,NA,NA,NA,NA,NA,NA,NA,NA,NA,NA,NA,NA,0.03765980372596,124.586971652209,58.6879310137478,1.92743772301454
122PNlNa,PNlNa,89,81,8,0,PN,N,-0.009155934,114.2473127544,62.7628813873,118.1,9.67,65.585808,4.8,2.7,3,8,5,5,21,18,0,0,28,0,17,5,1,1,0,0,1,0,1,1,-0.00987011197364,114.034513738274,62.6114674220414,1.85669018035686
123PNlNa,PNlNa,111,103,8,0,PN,N,-0.0537941254,109.9758928383,54.2278440393,109.9,9.56,54.1782089333,4.76,2.275,1,8,7,7,7,35,8,21,11,8,21,0,1,1,1,1,1,1,1,0,-0.054553647202554,109.771044819173,54.094000498274,2.03057384796785
124PNlNa,PNlNa,74,74,0,0,PN,N,-0.0237363351,108.3073774088,51.4732230715,136.9,10.35,70.23413055,5.105,2.54,4,8,4,4,3,0,44,6,21,0,0,0,1,0,1,1,1,0,0,0,-0.024181166434155,108.105671605326,51.3660771589963,2.39611018213261
125PNlNa,PNlNa,79,78,1,0,PN,N,-0.0134795949,115.4339016077,65.6434441326,110.6,9.425,62.0221801333,4.64,2.71,3,8,5,5,15,0,28,0,16,8,12,0,1,0,1,0,1,1,1,0,-0.014295484320468,115.218880603386,65.4768804774971,1.7205813157168
126PNlNa,PNlNa,59,46,13,0,PN,N,-0.0626381413,106.7918770682,52.1392115368,118.7,9.91,59.9885126875,4.975,2.325,4,8,4,4,21,0,0,0,6,13,19,0,1,0,0,0,1,1,1,0,-0.063255152057829,106.592975128159,52.0196500900147,2.17383311646177
